numero,bola-1,bola-2,bola-3,bola-4,bola-5,bola-6,bola-comodin,fecha
1,10,17,21,50,54,56,37,12/12/2007
2,17,18,19,24,37,53,50,16/12/2007
3,7,8,26,27,53,56,20,19/12/2007
4,9,10,24,32,35,55,34,23/12/2007
5,4,9,27,31,33,40,45,26/12/2007
6,15,17,38,41,46,54,21,30/12/2007
7,10,19,20,23,31,44,38,02/01/2008
8,1,5,10,13,31,54,46,06/01/2008
9,9,37,38,42,50,56,6,09/01/2008
10,6,27,37,41,50,53,18,13/01/2008
11,8,16,24,42,46,50,28,16/01/2008
12,11,28,29,31,49,54,19,20/01/2008
13,19,27,29,35,37,44,24,23/01/2008
14,2,3,32,40,43,47,11,27/01/2008
15,4,6,13,20,21,47,53,30/01/2008
16,9,13,34,46,54,56,35,03/02/2008
17,24,28,35,40,42,50,25,06/02/2008
18,1,3,27,37,44,52,14,10/02/2008
19,5,6,19,38,42,44,29,13/02/2008
20,22,26,43,49,53,55,48,17/02/2008
21,2,9,13,37,46,52,26,20/02/2008
22,6,10,12,35,39,53,55,24/02/2008
23,8,18,24,31,39,43,37,27/02/2008
24,7,17,32,33,34,51,38,02/03/2008
25,5,15,21,28,43,50,40,05/03/2008
26,3,23,25,26,33,34,4,09/03/2008
27,7,9,10,38,41,56,37,12/03/2008
28,23,27,29,32,37,48,13,16/03/2008
29,9,17,28,36,45,51,43,19/03/2008
30,30,32,33,40,41,52,3,23/03/2008
31,12,21,22,26,41,50,40,26/03/2008
32,2,6,13,35,43,52,16,30/03/2008
33,24,35,37,47,54,55,30,02/04/2008
34,12,18,45,49,50,53,9,06/04/2008
35,10,13,25,35,37,41,42,09/04/2008
36,5,19,23,27,36,51,39,13/04/2008
37,9,13,17,25,37,43,1,16/04/2008
38,5,20,22,25,42,56,15,20/04/2008
39,9,13,24,32,39,55,37,23/04/2008
40,8,12,15,17,43,50,52,27/04/2008
41,2,13,27,33,35,36,19,30/04/2008
42,3,8,12,17,23,32,56,04/05/2008
43,16,19,22,24,29,51,38,07/05/2008
44,3,27,33,34,36,42,22,11/05/2008
45,15,16,25,29,47,52,53,14/05/2008
46,10,11,12,29,47,50,54,18/05/2008
47,3,23,26,41,47,50,48,21/05/2008
48,12,21,31,35,46,55,5,25/05/2008
49,26,29,34,35,39,50,32,28/05/2008
50,7,29,33,37,52,55,10,01/06/2008
51,3,4,12,13,19,28,10,04/06/2008
52,11,19,25,44,50,53,32,08/06/2008
53,10,13,16,27,29,32,24,11/06/2008
54,3,5,22,34,40,47,16,15/06/2008
55,5,14,20,29,34,54,55,18/06/2008
56,14,19,21,30,46,52,24,22/06/2008
57,4,7,15,19,43,52,40,25/06/2008
58,4,17,34,47,48,51,31,29/06/2008
59,5,8,11,12,48,56,10,02/07/2008
60,8,14,37,39,41,49,26,06/07/2008
61,2,8,14,16,19,22,43,09/07/2008
62,8,15,28,30,31,45,38,13/07/2008
63,4,36,38,43,45,55,52,16/07/2008
64,6,11,14,24,32,44,21,20/07/2008
65,1,3,18,21,25,29,36,23/07/2008
66,1,4,21,33,39,53,44,27/07/2008
67,6,10,14,22,32,54,43,30/07/2008
68,10,36,46,47,51,53,3,03/08/2008
69,24,29,31,42,43,55,51,06/08/2008
70,10,15,23,33,44,53,51,10/08/2008
71,11,16,34,38,48,50,27,13/08/2008
72,15,17,31,40,45,49,46,17/08/2008
73,1,6,20,21,26,41,38,20/08/2008
74,14,16,25,29,51,54,45,24/08/2008
75,4,8,9,10,34,41,53,27/08/2008
76,8,19,24,30,33,47,28,31/08/2008
77,3,15,17,23,38,49,44,03/09/2008
78,4,12,16,18,19,55,50,07/09/2008
79,5,8,18,30,32,33,7,10/09/2008
80,5,7,25,34,41,46,39,14/09/2008
81,2,4,13,17,26,29,44,17/09/2008
82,2,6,29,38,47,54,48,21/09/2008
83,12,14,26,27,30,49,32,24/09/2008
84,15,16,27,28,36,52,2,28/09/2008
85,7,15,19,26,46,49,48,01/10/2008
86,1,13,18,37,39,55,11,05/10/2008
87,7,19,33,37,38,50,40,08/10/2008
88,4,12,20,24,26,30,29,12/10/2008
89,1,2,9,37,38,45,10,15/10/2008
90,7,8,15,20,28,40,17,19/10/2008
91,8,16,19,27,31,43,28,22/10/2008
92,1,12,21,22,37,52,6,26/10/2008
93,7,18,19,31,41,52,48,29/10/2008
94,25,36,45,47,49,52,18,02/11/2008
95,9,14,25,35,45,52,48,05/11/2008
96,1,3,4,33,43,55,24,09/11/2008
97,7,8,18,27,33,52,34,12/11/2008
98,14,25,26,27,49,52,41,16/11/2008
99,10,39,42,45,50,56,26,19/11/2008
100,4,17,35,44,46,47,27,23/11/2008
101,11,12,13,14,17,46,34,26/11/2008
102,2,10,14,29,41,49,38,30/11/2008
103,1,8,9,12,28,36,53,03/12/2008
104,8,23,27,32,38,46,24,07/12/2008
105,6,29,44,46,47,51,38,10/12/2008
106,1,2,28,34,46,51,47,14/12/2008
107,3,12,16,23,47,51,37,17/12/2008
108,3,19,37,46,51,53,11,21/12/2008
109,6,15,38,40,52,56,49,24/12/2008
110,10,19,32,34,44,53,5,28/12/2008
111,14,19,48,51,52,55,34,31/12/2008
112,7,12,26,27,40,44,52,04/01/2009
113,13,14,23,24,34,53,21,07/01/2009
114,13,14,19,36,37,47,33,11/01/2009
115,10,14,41,42,47,55,56,14/01/2009
116,2,25,42,44,47,49,24,18/01/2009
117,8,17,22,36,39,41,50,21/01/2009
118,4,19,23,24,30,39,33,25/01/2009
119,13,16,20,25,28,38,48,28/01/2009
120,9,15,16,39,41,48,26,01/02/2009
121,9,21,22,24,37,38,10,04/02/2009
122,1,5,8,28,40,50,54,08/02/2009
123,2,23,43,46,49,52,40,11/02/2009
124,6,19,21,25,30,47,16,15/02/2009
125,7,20,21,35,45,47,24,18/02/2009
126,5,16,25,35,42,47,19,22/02/2009
127,29,33,34,41,52,54,48,25/02/2009
128,10,19,26,45,50,51,21,01/03/2009
129,16,26,44,46,52,56,45,04/03/2009
130,9,13,36,37,51,55,4,08/03/2009
131,9,13,19,25,40,51,26,11/03/2009
132,3,14,15,19,47,48,13,15/03/2009
133,1,9,11,27,43,55,5,18/03/2009
134,25,35,46,49,50,56,28,22/03/2009
135,8,11,12,21,37,39,6,25/03/2009
136,12,24,28,30,44,46,40,29/03/2009
137,13,20,28,40,48,50,3,01/04/2009
138,3,6,13,32,35,54,53,05/04/2009
139,4,9,19,20,36,52,13,08/04/2009
140,2,27,29,33,44,48,51,12/04/2009
141,3,11,18,34,42,43,52,15/04/2009
142,5,13,25,26,41,46,18,19/04/2009
143,15,16,17,21,31,39,44,22/04/2009
144,17,18,25,27,38,48,26,26/04/2009
145,9,13,26,35,42,53,40,29/04/2009
146,13,16,18,43,46,49,14,03/05/2009
147,5,38,39,42,50,53,9,06/05/2009
148,9,17,21,35,43,52,49,10/05/2009
149,3,9,11,30,41,47,22,13/05/2009
150,2,13,14,19,42,51,47,17/05/2009
151,13,14,16,23,25,49,47,20/05/2009
152,6,10,12,29,38,50,30,24/05/2009
153,5,12,13,37,47,56,19,27/05/2009
154,2,16,30,33,47,48,19,31/05/2009
155,10,13,22,42,43,49,9,03/06/2009
156,2,12,23,33,46,55,42,07/06/2009
157,10,12,18,42,43,48,53,10/06/2009
158,3,11,17,33,42,55,48,14/06/2009
159,1,8,14,31,32,38,35,17/06/2009
160,6,10,21,28,37,55,29,21/06/2009
161,16,17,20,22,24,44,15,24/06/2009
162,19,21,48,50,51,56,35,28/06/2009
163,8,17,21,25,35,39,28,01/07/2009
164,18,21,32,34,48,53,45,05/07/2009
165,11,15,30,41,45,50,6,08/07/2009
166,7,10,15,36,42,53,32,12/07/2009
167,6,16,22,42,44,46,26,15/07/2009
168,6,12,33,43,48,53,47,19/07/2009
169,1,8,30,45,48,52,11,22/07/2009
170,3,17,24,25,34,39,18,26/07/2009
171,13,31,37,40,43,51,30,29/07/2009
172,17,31,33,52,54,55,15,02/08/2009
173,21,23,37,47,51,56,32,05/08/2009
174,23,30,33,41,43,56,4,09/08/2009
175,35,44,45,50,55,56,30,12/08/2009
176,21,27,31,48,49,55,35,16/08/2009
177,2,9,11,32,40,49,13,19/08/2009
178,4,16,36,40,41,43,17,23/08/2009
179,3,5,23,38,55,56,28,26/08/2009
180,15,20,29,42,47,52,51,30/08/2009
181,5,9,14,34,47,53,54,02/09/2009
182,4,7,18,31,47,52,42,06/09/2009
183,15,16,18,28,48,51,21,09/09/2009
184,3,10,21,25,31,48,26,13/09/2009
185,4,14,25,34,36,55,49,16/09/2009
186,10,25,27,29,43,56,4,20/09/2009
187,8,13,27,41,52,55,33,23/09/2009
188,14,24,27,28,38,54,23,27/09/2009
189,18,27,40,42,53,54,39,30/09/2009
190,7,15,28,34,39,48,18,04/10/2009
191,6,10,17,21,45,54,42,07/10/2009
192,1,6,23,27,42,54,14,11/10/2009
193,7,8,9,14,21,37,11,14/10/2009
194,1,5,8,16,21,54,53,18/10/2009
195,11,19,29,39,43,45,21,21/10/2009
196,4,10,12,14,36,53,7,25/10/2009
197,11,16,44,45,54,55,6,28/10/2009
198,14,15,30,43,50,56,28,01/11/2009
199,3,14,19,26,30,40,51,04/11/2009
200,4,12,34,43,49,53,18,08/11/2009
201,9,15,19,33,43,51,45,11/11/2009
202,14,26,36,42,46,51,28,15/11/2009
203,3,7,8,12,45,48,34,18/11/2009
204,3,15,34,43,48,54,6,22/11/2009
205,5,10,22,25,42,50,29,25/11/2009
206,13,24,29,32,37,39,28,29/11/2009
207,2,12,21,28,33,54,43,02/12/2009
208,7,10,19,30,34,56,54,06/12/2009
209,2,3,11,20,35,53,25,09/12/2009
210,17,24,31,34,38,40,8,13/12/2009
211,5,8,14,17,30,47,54,16/12/2009
212,8,12,33,38,40,44,19,20/12/2009
213,5,12,27,34,39,44,16,23/12/2009
214,1,10,11,20,40,51,34,27/12/2009
215,3,8,24,25,37,43,14,30/12/2009
216,5,15,16,23,39,52,33,03/01/2010
217,1,9,11,23,32,51,38,06/01/2010
218,16,32,33,36,37,38,19,10/01/2010
219,7,15,41,45,48,55,33,13/01/2010
220,13,24,26,36,47,48,15,17/01/2010
221,12,22,28,34,35,44,8,20/01/2010
222,19,22,35,39,46,53,54,24/01/2010
223,9,16,25,36,49,56,45,27/01/2010
224,14,16,22,23,41,54,44,31/01/2010
225,9,15,36,49,51,55,45,03/02/2010
226,6,11,17,24,39,46,40,07/02/2010
227,5,7,13,30,41,52,27,10/02/2010
228,3,6,20,26,34,56,16,14/02/2010
229,2,8,17,19,33,35,34,17/02/2010
230,23,29,32,40,47,52,17,21/02/2010
231,6,9,27,43,44,55,28,24/02/2010
232,2,7,27,29,30,50,23,28/02/2010
233,12,22,24,34,49,56,52,03/03/2010
234,7,14,24,34,44,51,38,07/03/2010
235,16,26,27,32,45,46,40,10/03/2010
236,5,17,24,28,29,32,31,14/03/2010
237,2,26,27,47,52,56,11,17/03/2010
238,5,7,16,39,47,55,33,21/03/2010
239,11,12,17,47,54,55,2,24/03/2010
240,1,16,22,48,54,56,25,28/03/2010
241,1,11,21,28,44,48,27,31/03/2010
242,8,20,23,36,40,52,28,04/04/2010
243,9,19,20,26,39,47,12,07/04/2010
244,3,4,13,14,23,27,30,11/04/2010
245,21,22,27,38,49,56,34,14/04/2010
246,9,19,22,38,41,48,2,18/04/2010
247,4,13,20,22,29,48,45,21/04/2010
248,4,15,29,39,42,44,9,25/04/2010
249,16,24,37,39,40,42,34,28/04/2010
250,2,27,36,47,50,56,11,02/05/2010
251,2,19,26,41,42,51,5,05/05/2010
252,5,7,47,48,49,54,52,09/05/2010
253,16,19,21,33,40,44,36,12/05/2010
254,1,3,25,26,42,53,18,16/05/2010
255,5,6,8,25,26,36,46,19/05/2010
256,19,25,36,37,41,50,47,23/05/2010
257,6,12,17,30,36,39,24,26/05/2010
258,18,22,27,34,49,56,39,30/05/2010
259,3,28,29,33,49,51,47,02/06/2010
260,2,4,23,36,52,55,26,06/06/2010
261,6,16,50,52,54,56,20,09/06/2010
262,8,9,20,38,42,53,50,13/06/2010
263,3,5,10,12,18,33,36,16/06/2010
264,5,10,30,35,36,38,52,20/06/2010
265,12,19,23,31,43,52,44,23/06/2010
266,1,23,27,35,47,49,34,27/06/2010
267,3,15,19,26,30,43,41,30/06/2010
268,11,20,28,36,52,56,55,04/07/2010
269,7,10,15,33,42,55,5,07/07/2010
270,10,11,33,35,38,46,9,11/07/2010
271,11,13,22,39,54,55,49,14/07/2010
272,3,17,34,42,50,56,18,18/07/2010
273,2,19,27,34,42,56,51,21/07/2010
274,22,26,38,52,55,56,53,25/07/2010
275,15,31,40,53,55,56,37,28/07/2010
276,6,7,18,34,42,52,43,01/08/2010
277,3,18,32,44,45,48,9,04/08/2010
278,1,10,14,27,44,56,49,08/08/2010
279,15,18,27,42,50,51,41,11/08/2010
280,8,16,29,41,45,55,44,15/08/2010
281,22,25,37,40,41,45,51,18/08/2010
282,3,21,23,24,30,55,44,22/08/2010
283,2,16,36,52,53,55,28,25/08/2010
284,6,11,22,40,46,50,20,29/08/2010
285,4,12,29,38,45,46,5,01/09/2010
286,8,12,32,33,42,48,54,05/09/2010
287,8,14,20,24,35,36,56,08/09/2010
288,2,4,14,15,45,47,34,12/09/2010
289,3,23,25,32,35,45,37,15/09/2010
290,14,20,24,28,30,34,3,19/09/2010
291,2,4,13,41,46,55,30,22/09/2010
292,1,5,12,16,20,39,32,26/09/2010
293,10,16,21,23,44,49,39,29/09/2010
294,13,39,44,45,46,52,32,03/10/2010
295,10,12,24,29,31,36,56,06/10/2010
296,6,17,19,21,25,40,28,10/10/2010
297,2,6,15,16,28,29,31,13/10/2010
298,13,20,35,40,41,43,56,17/10/2010
299,5,17,23,30,41,47,54,20/10/2010
300,6,20,25,39,44,56,40,24/10/2010
301,6,7,15,22,45,54,24,27/10/2010
302,11,25,30,44,48,49,50,31/10/2010
303,1,21,27,28,32,55,26,03/11/2010
304,11,16,20,25,41,47,28,07/11/2010
305,8,11,26,38,44,45,32,10/11/2010
306,3,10,16,41,50,54,27,14/11/2010
307,12,22,29,37,39,51,20,17/11/2010
308,16,19,20,22,26,47,4,21/11/2010
309,4,5,8,35,38,45,2,24/11/2010
310,9,14,17,33,41,42,4,28/11/2010
311,15,18,20,21,29,32,14,01/12/2010
312,5,6,14,19,25,43,37,05/12/2010
313,6,15,30,31,38,44,54,08/12/2010
314,3,11,20,25,46,53,17,12/12/2010
315,12,17,19,24,31,35,11,15/12/2010
316,7,17,23,37,43,53,24,19/12/2010
317,1,21,35,37,47,49,48,22/12/2010
318,10,23,24,28,33,55,46,26/12/2010
319,13,17,25,32,45,48,56,29/12/2010
320,19,21,32,40,50,51,36,02/01/2011
321,6,12,15,28,30,46,26,05/01/2011
322,5,28,32,42,52,54,49,09/01/2011
323,3,5,6,14,19,45,34,12/01/2011
324,1,26,27,28,45,54,35,16/01/2011
325,5,27,32,35,38,56,18,19/01/2011
326,12,25,45,50,55,56,44,23/01/2011
327,13,37,52,54,55,56,6,26/01/2011
328,15,21,27,37,44,49,55,30/01/2011
329,12,15,39,54,55,56,32,02/02/2011
330,3,6,9,23,28,52,44,06/02/2011
331,9,22,28,52,55,56,54,09/02/2011
332,10,11,14,32,35,49,8,13/02/2011
333,20,23,36,41,51,55,11,16/02/2011
334,17,21,24,35,42,51,1,20/02/2011
335,1,8,11,16,20,52,23,23/02/2011
336,1,8,15,18,34,52,16,27/02/2011
337,2,4,12,13,27,32,30,02/03/2011
338,12,14,16,17,22,33,20,06/03/2011
339,2,14,17,28,30,54,16,09/03/2011
340,5,12,19,21,51,54,43,13/03/2011
341,12,22,23,31,45,47,4,16/03/2011
342,16,19,29,36,37,45,3,20/03/2011
343,2,22,25,35,43,47,49,23/03/2011
344,9,10,29,37,39,56,11,27/03/2011
345,1,4,32,35,39,55,45,30/03/2011
346,13,20,38,49,52,56,7,03/04/2011
347,1,12,18,20,38,41,49,06/04/2011
348,5,6,7,18,20,25,39,10/04/2011
349,4,10,13,25,26,39,33,13/04/2011
350,1,18,24,32,38,56,46,17/04/2011
351,1,5,10,13,18,39,51,20/04/2011
352,13,14,25,38,41,50,26,24/04/2011
353,4,7,12,17,42,45,23,27/04/2011
354,21,30,36,41,42,50,32,01/05/2011
355,9,29,49,50,52,56,37,04/05/2011
356,1,2,7,30,41,55,49,08/05/2011
357,8,14,20,37,45,53,51,11/05/2011
358,17,29,40,41,47,53,25,15/05/2011
359,30,35,38,41,44,51,56,18/05/2011
360,4,7,9,11,22,48,32,22/05/2011
361,2,19,23,34,38,40,28,25/05/2011
362,4,5,17,19,42,48,2,29/05/2011
363,20,24,28,49,51,53,48,01/06/2011
364,4,12,17,18,20,36,2,05/06/2011
365,8,16,18,26,29,35,36,08/06/2011
366,10,20,26,46,49,55,19,12/06/2011
367,6,7,12,32,45,49,44,15/06/2011
368,20,31,36,39,54,56,48,19/06/2011
369,9,28,30,35,42,48,56,22/06/2011
370,4,20,44,45,50,56,15,26/06/2011
371,1,31,40,45,46,55,2,29/06/2011
372,5,6,9,46,54,56,38,03/07/2011
373,1,14,20,39,43,54,29,06/07/2011
374,9,15,21,27,42,51,23,10/07/2011
375,24,35,42,45,48,52,51,13/07/2011
376,9,16,27,29,43,44,36,17/07/2011
377,3,7,21,24,31,49,35,20/07/2011
378,5,10,11,29,41,55,30,24/07/2011
379,1,32,43,44,52,55,22,27/07/2011
380,3,10,11,38,49,52,48,31/07/2011
381,5,21,22,36,37,47,39,03/08/2011
382,5,33,49,50,53,54,44,07/08/2011
383,13,20,22,23,33,48,7,10/08/2011
384,23,31,37,50,51,53,30,14/08/2011
385,4,5,12,14,44,53,28,17/08/2011
386,5,8,25,40,42,49,9,21/08/2011
387,14,20,36,37,44,51,1,24/08/2011
388,18,19,36,47,50,51,53,28/08/2011
389,16,33,34,44,46,47,45,31/08/2011
390,9,21,26,33,45,48,52,04/09/2011
391,14,20,39,43,45,52,40,07/09/2011
392,5,38,43,47,54,56,45,11/09/2011
393,9,13,28,34,36,48,43,14/09/2011
394,7,21,32,33,46,55,13,18/09/2011
395,12,16,22,46,52,55,49,21/09/2011
396,4,9,11,14,42,52,2,25/09/2011
397,4,13,31,40,49,51,52,28/09/2011
398,4,8,26,28,41,55,10,02/10/2011
399,5,10,20,21,32,44,6,05/10/2011
400,10,15,18,19,37,55,1,09/10/2011
401,5,12,15,25,26,27,44,12/10/2011
402,9,14,17,19,41,44,26,16/10/2011
403,3,7,36,50,52,56,40,19/10/2011
404,8,14,22,31,46,56,42,23/10/2011
405,8,11,12,15,43,48,29,26/10/2011
406,10,16,21,24,28,42,47,30/10/2011
407,2,9,16,26,50,56,11,02/11/2011
408,3,8,18,22,23,42,53,06/11/2011
409,6,34,40,49,52,53,12,09/11/2011
410,1,4,12,16,30,31,11,13/11/2011
411,9,12,44,50,52,53,47,16/11/2011
412,4,9,11,20,24,28,33,20/11/2011
413,1,3,20,34,49,55,53,23/11/2011
414,13,33,37,39,40,51,9,27/11/2011
415,2,12,28,41,44,45,49,30/11/2011
416,7,19,24,25,29,33,48,04/12/2011
417,1,16,49,53,54,55,27,07/12/2011
418,1,2,7,13,15,46,5,11/12/2011
419,13,30,38,40,43,49,9,14/12/2011
420,14,20,26,39,40,56,17,18/12/2011
421,7,14,25,26,29,47,23,21/12/2011
422,3,8,23,39,46,51,22,25/12/2011
423,5,7,18,19,40,55,39,28/12/2011
424,12,18,41,46,51,54,4,01/01/2012
425,9,17,21,41,47,51,31,04/01/2012
426,14,19,32,42,47,48,5,08/01/2012
427,3,4,14,24,32,40,28,11/01/2012
428,3,4,16,33,39,40,54,15/01/2012
429,12,23,29,32,36,48,53,18/01/2012
430,6,12,15,24,25,49,42,22/01/2012
431,4,8,21,26,27,51,38,25/01/2012
432,1,21,22,25,31,49,20,29/01/2012
433,15,28,29,31,36,41,35,01/02/2012
434,4,15,27,41,51,55,45,05/02/2012
435,1,5,14,33,47,51,12,08/02/2012
436,11,12,17,35,36,50,51,12/02/2012
437,6,19,29,39,42,48,51,15/02/2012
438,5,9,11,37,42,48,10,19/02/2012
439,20,22,23,34,42,51,33,22/02/2012
440,5,7,15,18,34,43,11,26/02/2012
441,1,12,13,27,44,50,46,29/02/2012
442,7,11,19,32,37,38,14,04/03/2012
443,2,8,21,32,49,53,50,07/03/2012
444,4,17,30,45,49,54,40,11/03/2012
445,2,26,27,36,39,43,29,14/03/2012
446,1,2,19,21,34,37,45,18/03/2012
447,9,23,28,34,43,53,19,21/03/2012
448,15,22,26,27,36,46,25,25/03/2012
449,9,13,16,22,34,51,17,28/03/2012
450,9,12,18,23,24,38,19,01/04/2012
451,6,12,13,26,35,40,22,04/04/2012
452,3,18,21,42,43,48,22,08/04/2012
453,18,21,26,35,36,50,44,11/04/2012
454,4,18,45,46,48,50,53,15/04/2012
455,31,35,43,45,47,53,41,18/04/2012
456,2,9,12,19,21,52,55,22/04/2012
457,1,5,13,22,30,55,47,25/04/2012
458,2,13,40,42,45,53,27,29/04/2012
459,9,20,24,26,36,38,25,02/05/2012
460,3,14,21,23,48,56,54,06/05/2012
461,9,16,21,31,39,53,43,09/05/2012
462,4,18,19,30,45,56,51,13/05/2012
463,4,5,7,10,30,54,46,16/05/2012
464,15,39,41,42,49,54,13,20/05/2012
465,5,21,32,33,40,52,2,23/05/2012
466,2,13,38,43,53,54,21,27/05/2012
467,20,24,40,43,48,55,41,30/05/2012
468,8,11,14,35,44,56,36,03/06/2012
469,6,7,12,22,39,52,49,06/06/2012
470,8,28,29,40,44,51,22,10/06/2012
471,14,26,29,38,41,49,12,13/06/2012
472,11,12,20,25,52,54,30,17/06/2012
473,3,8,32,46,49,51,26,20/06/2012
474,1,4,14,26,42,54,39,24/06/2012
475,9,12,42,47,51,56,22,27/06/2012
476,15,17,38,46,48,54,49,01/07/2012
477,4,22,35,37,46,50,36,04/07/2012
478,5,7,9,23,36,56,4,08/07/2012
479,3,7,13,20,44,46,2,11/07/2012
480,1,19,29,46,47,55,5,15/07/2012
481,7,11,21,32,37,53,31,18/07/2012
482,18,21,39,41,44,45,10,22/07/2012
483,11,19,23,46,55,56,43,25/07/2012
484,1,5,17,21,27,37,39,29/07/2012
485,2,26,45,50,51,56,53,01/08/2012
486,14,26,33,35,39,49,25,05/08/2012
487,7,10,16,30,40,44,38,08/08/2012
488,3,21,23,27,41,49,53,12/08/2012
489,8,10,25,27,36,56,7,15/08/2012
490,2,20,22,35,41,42,45,19/08/2012
491,16,20,22,32,38,52,50,22/08/2012
492,24,26,40,45,49,54,8,26/08/2012
493,10,20,28,33,34,47,48,29/08/2012
494,2,13,22,31,41,51,43,02/09/2012
495,12,13,29,32,33,35,37,05/09/2012
496,10,17,28,33,48,53,3,09/09/2012
497,2,17,18,21,27,54,52,12/09/2012
498,11,14,23,28,44,49,10,16/09/2012
499,10,11,16,18,33,47,41,19/09/2012
500,7,9,23,25,29,33,34,23/09/2012
501,2,7,14,24,42,52,27,26/09/2012
502,5,8,26,34,53,54,52,30/09/2012
503,5,14,18,23,34,39,26,03/10/2012
504,5,15,24,29,37,53,51,07/10/2012
505,7,9,18,25,26,46,44,10/10/2012
506,16,21,30,32,33,47,40,14/10/2012
507,2,10,18,19,26,53,33,17/10/2012
508,1,16,18,20,39,48,7,21/10/2012
509,3,14,36,48,53,54,22,24/10/2012
510,10,20,26,50,55,56,35,28/10/2012
511,8,23,26,49,50,56,39,31/10/2012
512,1,13,20,29,32,48,17,04/11/2012
513,6,11,19,42,53,55,45,07/11/2012
514,1,5,15,20,43,45,39,11/11/2012
515,1,15,35,36,40,49,18,14/11/2012
516,10,26,32,35,54,56,38,18/11/2012
517,4,23,25,40,44,48,10,21/11/2012
518,12,18,33,41,45,56,8,25/11/2012
519,2,13,22,31,33,43,29,28/11/2012
520,9,14,30,41,43,54,20,02/12/2012
521,2,19,21,22,26,42,23,05/12/2012
522,12,21,31,38,40,51,46,09/12/2012
523,17,26,45,48,50,54,1,12/12/2012
524,24,35,43,46,49,53,40,16/12/2012
525,12,14,17,23,26,46,11,19/12/2012
526,16,27,39,47,49,53,37,23/12/2012
527,7,28,51,53,54,55,49,26/12/2012
528,2,7,20,25,30,39,47,30/12/2012
529,16,22,37,41,46,55,15,02/01/2013
530,3,21,29,33,51,55,43,06/01/2013
531,18,19,32,36,39,43,20,09/01/2013
532,13,19,33,43,47,53,4,13/01/2013
533,29,33,39,43,48,56,49,16/01/2013
534,11,19,21,22,42,47,45,20/01/2013
535,18,20,25,30,40,50,56,23/01/2013
536,4,13,18,36,38,49,51,27/01/2013
537,2,12,13,15,17,52,55,30/01/2013
538,2,6,15,24,36,54,8,03/02/2013
539,28,35,44,46,47,51,15,06/02/2013
540,5,8,17,32,52,56,29,10/02/2013
541,2,7,11,20,38,56,17,13/02/2013
542,3,18,27,35,42,54,22,17/02/2013
543,2,10,15,31,42,43,33,20/02/2013
544,4,7,18,24,48,49,28,24/02/2013
545,3,21,28,43,46,48,41,27/02/2013
546,26,28,36,38,47,49,22,03/03/2013
547,5,8,15,16,29,30,43,06/03/2013
548,7,14,17,19,42,52,3,10/03/2013
549,7,10,12,29,42,50,22,13/03/2013
550,24,43,46,47,48,52,21,17/03/2013
551,2,8,14,23,30,39,44,20/03/2013
552,3,23,27,34,38,47,4,24/03/2013
553,8,11,13,21,52,56,28,27/03/2013
554,17,21,22,26,41,53,3,31/03/2013
555,4,6,15,18,27,33,51,03/04/2013
556,2,7,8,22,26,54,55,07/04/2013
557,19,25,26,44,50,54,20,10/04/2013
558,3,22,24,33,38,39,56,14/04/2013
559,3,6,18,38,40,43,45,17/04/2013
560,1,2,9,17,35,56,36,21/04/2013
561,22,23,31,36,46,56,54,24/04/2013
562,11,21,35,38,41,45,12,28/04/2013
563,2,4,13,25,28,40,5,01/05/2013
564,16,17,25,39,49,55,12,05/05/2013
565,1,18,26,27,44,54,5,08/05/2013
566,5,20,35,46,50,53,51,12/05/2013
567,1,22,29,34,40,43,4,15/05/2013
568,23,25,35,43,47,56,31,19/05/2013
569,3,25,27,33,36,41,56,22/05/2013
570,2,3,5,28,41,49,13,26/05/2013
571,35,43,45,46,49,53,37,29/05/2013
572,3,5,14,24,48,53,44,02/06/2013
573,2,27,37,41,46,55,52,05/06/2013
574,13,22,24,33,44,49,39,09/06/2013
575,5,10,26,28,35,49,41,12/06/2013
576,16,26,30,32,42,43,36,16/06/2013
577,3,4,6,27,39,48,37,19/06/2013
578,22,23,28,35,51,52,4,23/06/2013
579,4,12,26,34,49,53,11,26/06/2013
580,12,25,30,35,43,45,21,30/06/2013
581,2,3,34,36,48,55,56,03/07/2013
582,13,25,31,44,47,49,40,07/07/2013
583,17,32,42,44,47,49,23,10/07/2013
584,2,14,26,31,37,48,41,14/07/2013
585,12,17,35,44,49,53,54,17/07/2013
586,8,20,32,43,51,53,55,21/07/2013
587,13,17,18,35,53,56,25,24/07/2013
588,4,5,19,40,45,50,52,28/07/2013
589,11,13,22,27,31,34,25,31/07/2013
590,14,22,26,28,43,54,49,04/08/2013
591,6,12,20,26,34,40,27,07/08/2013
592,2,15,17,25,33,43,28,11/08/2013
593,2,5,19,20,35,52,45,14/08/2013
594,4,6,14,17,34,39,24,18/08/2013
595,3,6,21,22,39,43,16,21/08/2013
596,6,22,26,30,35,55,47,25/08/2013
597,12,18,19,39,43,48,51,28/08/2013
598,4,11,21,31,42,43,7,01/09/2013
599,5,8,10,24,37,55,14,04/09/2013
600,10,14,16,31,33,46,15,08/09/2013
601,4,9,25,32,38,40,49,11/09/2013
602,6,8,20,23,39,47,40,15/09/2013
603,5,8,9,17,29,50,23,18/09/2013
604,10,21,33,44,50,53,5,22/09/2013
605,7,8,10,29,46,55,1,25/09/2013
606,12,32,34,45,46,51,26,29/09/2013
607,5,10,15,16,21,30,49,02/10/2013
608,16,36,37,52,55,56,47,06/10/2013
609,20,22,30,33,45,49,10,09/10/2013
610,1,21,23,30,46,47,5,13/10/2013
611,7,13,19,27,50,54,28,16/10/2013
612,9,23,26,28,37,54,20,20/10/2013
613,5,16,22,26,31,41,11,23/10/2013
614,8,9,23,37,48,53,11,27/10/2013
615,3,4,18,20,26,28,10,30/10/2013
616,4,19,24,39,49,55,36,03/11/2013
617,4,13,22,34,37,39,44,06/11/2013
618,4,9,20,25,28,37,29,10/11/2013
619,8,9,12,30,43,51,29,13/11/2013
620,4,5,30,43,45,51,29,17/11/2013
621,2,10,25,30,32,56,50,20/11/2013
622,10,29,32,42,43,47,8,24/11/2013
623,7,13,23,37,48,49,53,27/11/2013
624,2,7,12,35,51,54,13,01/12/2013
625,5,15,24,25,37,39,49,04/12/2013
626,4,5,22,28,31,37,30,08/12/2013
627,6,13,17,20,31,50,9,11/12/2013
628,8,16,18,46,52,55,22,15/12/2013
629,7,26,31,44,45,53,51,18/12/2013
630,5,13,20,32,36,56,25,22/12/2013
631,9,10,30,35,41,48,29,25/12/2013
632,24,30,40,41,55,56,3,29/12/2013
633,5,6,7,25,33,50,51,01/01/2014
634,1,5,28,48,49,55,22,05/01/2014
635,7,10,13,23,34,44,51,08/01/2014
636,13,15,19,33,49,53,26,12/01/2014
637,6,13,27,32,47,52,18,15/01/2014
638,7,14,23,26,43,49,12,19/01/2014
639,2,9,15,16,21,42,24,22/01/2014
640,5,16,30,31,38,52,35,26/01/2014
641,7,9,29,44,48,55,23,29/01/2014
642,5,7,8,23,26,55,50,02/02/2014
643,2,3,7,26,30,48,53,05/02/2014
644,3,6,19,28,48,52,13,09/02/2014
645,10,15,23,24,36,49,29,12/02/2014
646,2,7,10,27,34,54,32,16/02/2014
647,13,18,26,30,31,53,37,19/02/2014
648,7,24,27,39,45,52,12,23/02/2014
649,16,19,23,29,33,49,36,26/02/2014
650,4,6,20,21,45,55,38,02/03/2014
651,5,16,17,24,41,47,36,05/03/2014
652,28,31,32,44,51,52,20,09/03/2014
653,1,4,20,21,24,34,22,12/03/2014
654,10,26,40,44,50,54,6,16/03/2014
655,1,2,4,31,32,46,11,19/03/2014
656,1,9,12,19,31,34,21,23/03/2014
657,1,13,19,29,41,46,50,26/03/2014
658,7,11,26,38,39,56,14,30/03/2014
659,34,44,45,51,52,56,53,02/04/2014
660,2,14,27,42,46,50,21,06/04/2014
661,8,11,14,36,49,55,15,09/04/2014
662,6,19,23,25,28,42,47,13/04/2014
663,10,22,29,30,32,33,51,16/04/2014
664,15,17,19,22,31,53,10,20/04/2014
665,8,16,21,39,50,52,4,23/04/2014
666,11,18,31,35,39,42,34,27/04/2014
667,4,20,29,31,44,48,49,30/04/2014
668,5,6,33,34,46,55,38,04/05/2014
669,6,18,36,48,50,52,28,07/05/2014
670,12,20,33,46,50,51,54,11/05/2014
671,12,15,31,50,54,55,11,14/05/2014
672,4,11,12,40,45,51,55,18/05/2014
673,4,8,15,36,39,45,28,21/05/2014
674,14,33,41,43,52,56,38,25/05/2014
675,1,6,15,22,34,39,21,28/05/2014
676,10,23,29,45,53,56,54,01/06/2014
677,2,14,21,28,36,49,47,04/06/2014
678,4,15,16,34,44,56,2,08/06/2014
679,2,4,26,27,28,44,16,11/06/2014
680,5,7,44,51,53,54,28,15/06/2014
681,6,11,27,33,41,56,53,18/06/2014
682,14,18,50,51,52,56,5,22/06/2014
683,5,13,15,40,54,55,23,25/06/2014
684,5,26,30,34,37,56,23,29/06/2014
685,9,18,40,42,48,52,36,02/07/2014
686,12,25,31,36,46,54,9,06/07/2014
687,2,6,30,34,37,43,55,09/07/2014
688,5,8,26,32,37,39,23,13/07/2014
689,11,18,21,31,36,49,51,16/07/2014
690,1,3,12,22,35,55,44,20/07/2014
691,13,21,37,42,43,48,14,23/07/2014
692,1,5,6,8,30,46,17,27/07/2014
693,10,14,16,17,27,49,52,30/07/2014
694,1,3,16,19,20,28,23,03/08/2014
695,18,24,31,39,47,51,2,06/08/2014
696,3,29,30,38,42,50,44,10/08/2014
697,2,13,21,35,41,49,47,13/08/2014
698,4,15,16,30,44,50,43,17/08/2014
699,3,5,19,24,28,30,15,20/08/2014
700,3,6,40,41,47,48,49,24/08/2014
701,7,17,40,48,53,56,35,27/08/2014
702,33,35,47,52,53,56,3,31/08/2014
703,4,8,11,37,41,43,18,03/09/2014
704,8,13,18,22,40,54,41,07/09/2014
705,6,12,40,43,51,56,26,10/09/2014
706,7,8,20,37,39,45,48,14/09/2014
707,8,20,26,27,42,44,11,17/09/2014
708,2,17,39,48,53,56,15,21/09/2014
709,4,5,16,29,39,55,21,24/09/2014
710,8,14,20,42,43,55,44,28/09/2014
711,13,14,16,28,50,51,21,01/10/2014
712,8,15,35,37,41,48,26,05/10/2014
713,19,26,37,50,53,54,48,08/10/2014
714,11,22,25,29,37,55,41,12/10/2014
715,8,12,19,21,22,43,49,15/10/2014
716,3,10,14,28,48,56,27,19/10/2014
717,1,13,21,22,33,45,19,22/10/2014
718,11,12,17,29,30,34,38,26/10/2014
719,8,9,14,28,33,56,12,29/10/2014
720,10,17,20,31,50,51,3,02/11/2014
721,20,32,33,34,50,56,4,05/11/2014
722,6,30,34,46,50,52,32,09/11/2014
723,2,29,30,36,44,51,32,12/11/2014
724,28,30,32,34,42,43,46,16/11/2014
725,2,8,16,23,42,48,15,19/11/2014
726,9,17,22,26,49,56,1,23/11/2014
727,17,19,22,23,36,38,49,26/11/2014
728,3,6,22,38,40,56,12,30/11/2014
729,7,21,33,35,43,55,51,03/12/2014
730,12,31,37,44,52,55,25,07/12/2014
731,2,5,18,30,44,53,33,10/12/2014
732,6,16,21,32,43,56,9,14/12/2014
733,9,13,29,33,39,51,37,17/12/2014
734,12,22,36,43,46,52,35,21/12/2014
735,11,21,33,43,54,55,38,24/12/2014
736,8,17,19,36,37,41,55,28/12/2014
737,8,17,20,38,54,56,2,31/12/2014
738,9,14,35,46,49,55,11,04/01/2015
739,1,5,17,25,35,55,43,07/01/2015
740,4,15,18,30,38,49,53,11/01/2015
741,1,15,26,40,45,46,28,14/01/2015
742,5,12,22,41,44,47,26,18/01/2015
743,3,6,14,28,30,39,31,21/01/2015
744,24,27,40,41,54,55,26,25/01/2015
745,1,10,12,32,36,48,20,28/01/2015
746,6,17,27,32,34,40,20,01/02/2015
747,1,2,13,27,29,34,42,04/02/2015
748,3,6,11,24,31,51,47,08/02/2015
749,3,6,25,45,46,48,43,11/02/2015
750,8,9,11,20,22,40,48,15/02/2015
751,3,10,19,34,44,54,2,18/02/2015
752,4,25,31,44,49,56,21,22/02/2015
753,6,8,29,47,48,50,22,25/02/2015
754,4,5,25,35,48,53,22,01/03/2015
755,17,22,24,31,43,50,12,04/03/2015
756,11,17,19,24,43,49,15,08/03/2015
757,8,11,22,23,38,41,49,11/03/2015
758,9,18,28,29,41,50,32,15/03/2015
759,8,34,43,49,54,55,27,18/03/2015
760,22,33,40,41,42,48,23,22/03/2015
761,3,31,39,43,44,50,19,25/03/2015
762,3,7,17,38,39,50,51,29/03/2015
763,24,25,26,32,39,47,19,01/04/2015
764,5,6,14,15,31,46,32,05/04/2015
765,4,10,40,42,45,46,30,08/04/2015
766,7,18,23,31,35,36,32,12/04/2015
767,4,8,10,18,46,56,29,15/04/2015
768,6,15,20,24,37,51,16,19/04/2015
769,2,11,16,24,31,37,21,22/04/2015
770,10,28,33,37,46,52,23,26/04/2015
771,24,29,42,44,52,53,10,29/04/2015
772,9,14,22,35,37,47,46,03/05/2015
773,5,7,29,36,38,41,46,06/05/2015
774,11,12,18,40,53,56,43,10/05/2015
775,21,25,27,36,47,54,34,13/05/2015
776,7,23,25,29,33,50,28,17/05/2015
777,3,4,17,19,21,49,1,20/05/2015
778,7,8,23,34,47,52,37,24/05/2015
779,3,26,27,38,44,56,50,27/05/2015
780,1,10,11,33,37,47,16,31/05/2015
781,2,20,31,35,48,53,18,03/06/2015
782,14,33,42,45,51,55,50,07/06/2015
783,16,24,32,36,51,52,19,10/06/2015
784,4,10,12,22,32,51,29,14/06/2015
785,1,4,11,17,44,52,42,17/06/2015
786,3,6,23,25,34,35,15,21/06/2015
787,2,4,16,38,50,52,54,24/06/2015
788,3,16,28,30,40,54,32,28/06/2015
789,1,17,20,29,35,51,49,01/07/2015
790,1,5,10,17,34,40,9,05/07/2015
791,6,9,27,32,37,44,17,08/07/2015
792,12,16,30,32,37,49,5,12/07/2015
793,19,22,41,48,51,55,39,15/07/2015
794,1,15,26,30,49,52,10,19/07/2015
795,11,12,17,32,36,54,51,22/07/2015
796,2,16,30,35,51,53,17,26/07/2015
797,1,11,20,27,39,41,45,29/07/2015
798,5,13,19,29,30,56,21,02/08/2015
799,23,25,29,33,46,49,40,05/08/2015
800,13,14,23,35,37,40,28,09/08/2015
801,3,16,20,28,40,55,54,12/08/2015
802,8,16,17,26,31,37,12,16/08/2015
803,15,22,27,28,30,31,50,19/08/2015
804,1,3,5,24,42,46,26,23/08/2015
805,2,22,28,32,33,51,9,26/08/2015
806,12,13,16,26,30,49,45,30/08/2015
807,16,19,30,38,40,49,6,02/09/2015
808,9,10,15,41,46,49,43,06/09/2015
809,4,8,24,25,26,37,27,09/09/2015
810,10,18,25,33,38,49,1,13/09/2015
811,13,18,30,33,36,51,37,16/09/2015
812,2,13,18,20,21,52,46,20/09/2015
813,2,8,9,25,46,52,53,23/09/2015
814,5,16,25,27,35,45,42,27/09/2015
815,7,20,23,24,27,42,16,30/09/2015
816,3,15,20,36,40,56,35,04/10/2015
817,4,27,41,45,48,54,51,07/10/2015
818,5,15,28,37,46,49,8,11/10/2015
819,1,15,17,25,37,45,9,14/10/2015
820,5,13,23,33,44,56,53,18/10/2015
821,3,4,7,30,45,52,6,21/10/2015
822,4,7,21,25,48,49,1,25/10/2015
823,4,8,24,37,43,51,5,28/10/2015
824,8,17,20,28,29,55,3,01/11/2015
825,3,6,12,30,48,55,24,04/11/2015
826,3,12,16,25,32,35,22,08/11/2015
827,7,12,29,34,35,39,1,11/11/2015
828,3,10,12,18,33,46,31,15/11/2015
829,17,22,48,49,50,53,37,18/11/2015
830,4,12,16,18,46,52,31,22/11/2015
831,9,27,36,38,41,52,23,25/11/2015
832,1,7,33,35,48,52,44,29/11/2015
833,4,13,21,40,46,47,48,02/12/2015
834,1,12,19,21,40,44,17,06/12/2015
835,2,3,4,21,25,39,32,09/12/2015
836,11,20,29,32,37,40,56,13/12/2015
837,3,26,35,38,50,55,20,16/12/2015
838,9,14,18,28,40,45,50,20/12/2015
839,4,11,29,38,40,46,2,23/12/2015
840,3,6,18,32,46,54,25,27/12/2015
841,2,6,20,30,33,37,49,30/12/2015
842,1,9,12,16,24,47,46,03/01/2016
843,12,30,42,43,49,53,45,06/01/2016
844,14,17,18,39,43,53,1,10/01/2016
845,5,21,37,40,46,56,31,13/01/2016
846,14,35,42,43,49,50,31,17/01/2016
847,3,4,18,31,41,43,9,20/01/2016
848,7,11,14,45,47,54,12,24/01/2016
849,31,45,46,50,51,52,54,27/01/2016
850,13,18,20,29,40,56,23,31/01/2016
851,5,14,19,33,46,49,22,03/02/2016
852,18,24,47,48,50,56,8,07/02/2016
853,10,24,27,38,40,48,54,10/02/2016
854,6,27,31,42,45,52,9,14/02/2016
855,10,13,16,23,26,50,43,17/02/2016
856,3,5,19,20,27,54,1,21/02/2016
857,13,16,23,26,34,37,25,24/02/2016
858,5,6,8,38,50,51,44,28/02/2016
859,1,2,12,17,21,27,48,02/03/2016
860,1,12,13,16,45,48,5,06/03/2016
861,11,26,32,42,43,56,29,09/03/2016
862,11,17,22,34,36,46,3,13/03/2016
863,17,25,35,39,42,54,36,16/03/2016
864,21,27,34,44,55,56,53,20/03/2016
865,24,31,38,40,52,53,34,23/03/2016
866,1,6,19,31,49,54,55,27/03/2016
867,15,21,28,47,49,55,31,30/03/2016
868,37,40,45,50,51,54,23,03/04/2016
869,1,4,15,20,21,54,49,06/04/2016
870,3,12,14,29,32,44,53,10/04/2016
871,2,8,9,15,31,36,10,13/04/2016
872,3,4,15,19,22,38,42,17/04/2016
873,5,30,36,37,44,51,29,20/04/2016
874,22,26,41,42,44,54,34,24/04/2016
875,24,29,31,35,46,55,19,27/04/2016
876,2,21,23,31,36,52,34,01/05/2016
877,2,3,4,5,25,40,43,04/05/2016
878,4,21,23,33,52,55,29,08/05/2016
879,6,7,15,17,51,52,40,11/05/2016
880,5,6,14,15,35,48,55,15/05/2016
881,12,28,30,38,39,44,37,18/05/2016
882,1,9,29,32,45,47,17,22/05/2016
883,3,4,7,30,45,55,42,25/05/2016
884,8,21,22,31,33,56,19,29/05/2016
885,7,13,17,24,32,56,12,01/06/2016
886,9,16,19,24,32,53,47,05/06/2016
887,2,14,21,28,38,39,42,08/06/2016
888,5,8,15,43,44,52,56,12/06/2016
889,6,15,17,29,31,56,51,15/06/2016
890,2,15,25,30,39,50,31,19/06/2016
891,9,14,30,32,45,56,12,22/06/2016
892,15,24,25,29,46,54,21,26/06/2016
893,10,15,17,18,35,50,30,29/06/2016
894,11,23,43,47,48,54,49,03/07/2016
895,4,21,24,36,41,47,9,06/07/2016
896,2,16,24,25,30,45,51,10/07/2016
897,10,16,21,26,39,51,56,13/07/2016
898,5,10,14,15,36,56,53,17/07/2016
899,4,12,29,43,46,53,9,20/07/2016
900,3,12,22,33,39,49,40,24/07/2016
901,24,30,33,41,43,44,28,27/07/2016
902,7,13,19,33,44,48,53,31/07/2016
903,10,18,39,44,45,55,40,03/08/2016
904,18,19,25,30,33,35,43,07/08/2016
905,21,24,30,31,43,45,10,10/08/2016
906,10,11,18,33,43,48,40,14/08/2016
907,7,18,19,31,35,54,46,17/08/2016
908,27,34,40,45,52,54,3,21/08/2016
909,22,24,27,28,29,47,51,24/08/2016
910,3,15,32,38,40,53,24,28/08/2016
911,5,15,16,21,47,48,23,31/08/2016
912,16,32,37,39,48,55,17,04/09/2016
913,29,31,38,39,46,54,48,07/09/2016
914,7,15,38,39,42,52,9,11/09/2016
915,2,9,18,21,29,53,7,14/09/2016
916,21,27,44,47,52,54,16,18/09/2016
917,4,24,28,46,50,56,16,21/09/2016
918,1,5,15,26,40,46,14,25/09/2016
919,5,12,25,29,34,48,42,28/09/2016
920,8,17,19,26,33,37,41,02/10/2016
921,2,5,18,22,25,40,1,05/10/2016
922,4,8,18,25,32,38,55,09/10/2016
923,4,11,23,28,29,48,6,12/10/2016
924,11,16,19,25,28,50,6,16/10/2016
925,3,18,28,44,51,53,25,19/10/2016
926,2,10,13,29,35,48,8,23/10/2016
927,28,32,35,37,46,56,6,26/10/2016
928,10,13,31,47,50,55,40,30/10/2016
929,8,11,30,37,49,56,51,02/11/2016
930,2,19,20,21,33,45,30,06/11/2016
931,16,19,31,35,38,45,9,09/11/2016
932,2,8,14,22,48,52,26,13/11/2016
933,6,25,28,34,39,52,7,16/11/2016
934,2,7,35,40,45,55,12,20/11/2016
935,35,38,43,45,49,54,46,23/11/2016
936,6,7,14,22,44,45,38,27/11/2016
937,12,20,27,31,42,50,29,30/11/2016
938,2,9,21,27,40,43,44,04/12/2016
939,10,25,33,34,43,50,47,07/12/2016
940,2,13,25,26,33,35,32,11/12/2016
941,9,15,18,25,42,52,2,14/12/2016
942,9,21,24,28,34,56,11,18/12/2016
943,9,12,23,33,46,54,17,21/12/2016
944,10,15,16,20,33,47,37,25/12/2016
945,14,19,27,33,40,45,54,28/12/2016
946,42,43,45,49,51,56,6,01/01/2017
947,3,9,21,23,24,25,36,04/01/2017
948,15,16,40,42,50,51,1,08/01/2017
949,18,29,30,41,53,54,24,11/01/2017
950,1,9,31,36,48,55,49,15/01/2017
951,21,29,30,36,40,48,56,18/01/2017
952,10,13,33,43,52,56,12,22/01/2017
953,12,20,22,25,46,48,50,25/01/2017
954,5,19,26,42,51,54,8,29/01/2017
955,6,9,13,21,35,39,10,01/02/2017
956,1,8,30,37,42,54,4,05/02/2017
957,18,28,37,40,44,56,38,08/02/2017
958,16,21,24,29,47,52,9,12/02/2017
959,2,3,11,21,41,46,37,15/02/2017
960,19,24,30,37,41,46,33,19/02/2017
961,4,5,20,30,44,55,21,22/02/2017
962,18,28,34,36,40,52,21,26/02/2017
963,1,10,45,48,52,55,28,01/03/2017
964,1,11,13,40,52,55,7,05/03/2017
965,1,6,25,43,51,54,48,08/03/2017
966,27,30,33,34,42,44,50,12/03/2017
967,11,12,20,36,48,56,6,15/03/2017
968,4,6,11,19,27,40,24,19/03/2017
969,8,15,19,29,45,49,17,22/03/2017
970,8,10,11,12,26,39,45,26/03/2017
971,10,20,23,25,26,55,29,29/03/2017
972,8,25,29,40,44,55,46,02/04/2017
973,7,17,24,31,41,46,18,05/04/2017
974,10,13,16,23,36,50,14,09/04/2017
975,16,32,36,37,41,56,5,12/04/2017
976,6,18,20,37,39,51,17,16/04/2017
977,13,14,18,29,49,53,44,19/04/2017
978,2,9,12,13,23,33,5,23/04/2017
979,2,6,24,31,51,52,27,26/04/2017
980,3,4,10,24,48,54,2,30/04/2017
981,37,42,48,50,51,52,46,03/05/2017
982,5,8,10,35,36,49,14,07/05/2017
983,2,22,23,40,45,47,25,10/05/2017
984,6,10,38,42,47,51,1,14/05/2017
985,3,23,28,32,40,49,14,17/05/2017
986,1,19,24,26,49,56,22,21/05/2017
987,2,12,23,42,52,53,19,24/05/2017
988,12,16,20,35,38,56,30,28/05/2017
989,1,3,18,26,35,38,37,31/05/2017
990,4,20,33,35,43,53,45,04/06/2017
991,5,11,29,30,33,53,32,07/06/2017
992,13,20,41,43,44,52,14,11/06/2017
993,15,17,19,25,55,56,11,14/06/2017
994,15,21,28,53,54,56,30,18/06/2017
995,2,19,20,26,32,56,46,21/06/2017
996,4,20,27,32,51,56,38,25/06/2017
997,2,18,19,20,26,55,33,28/06/2017
998,6,9,20,32,36,38,45,02/07/2017
999,2,8,23,45,46,54,18,05/07/2017
1000,5,11,12,26,31,46,56,09/07/2017
1001,6,8,28,36,38,42,25,12/07/2017
1002,17,18,23,38,42,46,36,16/07/2017
1003,1,5,14,22,35,55,40,19/07/2017
1004,1,7,24,34,40,46,38,23/07/2017
1005,14,18,22,30,37,49,28,26/07/2017
1006,9,13,36,47,48,54,14,30/07/2017
1007,13,16,17,19,49,50,47,02/08/2017
1008,2,5,6,19,42,47,34,06/08/2017
1009,2,3,37,40,42,52,16,09/08/2017
1010,8,25,27,29,31,43,56,13/08/2017
1011,21,33,34,42,48,51,17,16/08/2017
1012,7,12,20,21,28,31,42,20/08/2017
1013,4,12,15,30,40,45,2,23/08/2017
1014,12,25,31,35,44,46,48,27/08/2017
1015,1,5,11,21,27,46,26,30/08/2017
1016,2,3,19,38,40,47,39,03/09/2017
1017,26,29,41,48,49,50,33,06/09/2017
1018,2,6,24,34,43,45,26,10/09/2017
1019,4,6,19,21,43,54,16,13/09/2017
1020,18,20,37,40,54,56,44,17/09/2017
1021,4,5,11,40,52,54,43,20/09/2017
1022,10,17,22,39,46,49,7,24/09/2017
1023,3,10,14,23,47,51,25,27/09/2017
1024,4,16,29,36,47,54,1,01/10/2017
1025,14,17,26,38,39,50,27,04/10/2017
1026,8,16,32,40,46,55,52,08/10/2017
1027,3,22,23,42,48,50,20,11/10/2017
1028,1,5,6,10,13,44,52,15/10/2017
1029,6,8,26,32,37,42,50,18/10/2017
1030,12,15,25,39,43,51,18,22/10/2017
1031,2,17,30,33,42,55,39,25/10/2017
1032,3,28,38,43,46,54,9,29/10/2017
1033,2,29,30,36,39,44,12,01/11/2017
1034,16,21,24,36,47,53,42,05/11/2017
1035,1,11,17,19,23,31,48,08/11/2017
1036,9,12,13,14,15,53,6,12/11/2017
1037,4,6,10,17,20,29,7,15/11/2017
1038,5,8,12,16,25,51,36,19/11/2017
1039,13,19,25,33,40,46,36,22/11/2017
1040,7,23,25,27,31,32,5,26/11/2017
1041,21,22,38,42,43,47,10,29/11/2017
1042,19,27,28,29,32,50,56,03/12/2017
1043,27,32,34,35,48,55,36,06/12/2017
1044,11,17,20,21,28,55,45,10/12/2017
1045,7,25,33,35,47,49,13,13/12/2017
1046,19,28,32,47,52,55,40,17/12/2017
1047,4,5,10,19,29,37,22,20/12/2017
1048,2,8,12,23,30,55,33,24/12/2017
1049,4,16,37,38,44,46,52,27/12/2017
1050,2,10,13,16,18,38,4,31/12/2017
1051,24,34,35,36,45,54,25,03/01/2018
1052,10,14,19,32,34,48,24,07/01/2018
1053,1,15,17,25,32,37,29,10/01/2018
1054,7,22,31,35,51,55,10,14/01/2018
1055,11,19,27,28,32,54,45,17/01/2018
1056,9,17,18,25,28,47,6,21/01/2018
1057,6,10,13,25,29,45,3,24/01/2018
1058,4,10,31,39,51,52,8,28/01/2018
1059,7,15,23,34,37,45,43,31/01/2018
1060,1,23,32,34,39,52,8,04/02/2018
1061,4,23,26,34,49,54,13,07/02/2018
1062,21,34,40,44,48,52,16,11/02/2018
1063,2,26,51,52,53,56,7,14/02/2018
1064,19,36,38,41,48,53,54,18/02/2018
1065,9,12,19,24,48,56,27,21/02/2018
1066,6,8,23,24,28,31,34,25/02/2018
1067,3,4,26,27,32,38,28,28/02/2018
1068,5,16,21,28,41,52,42,04/03/2018
1069,14,17,23,25,47,51,6,07/03/2018
1070,10,26,30,42,45,49,47,11/03/2018
1071,2,18,30,33,34,50,48,14/03/2018
1072,18,22,25,36,37,50,49,18/03/2018
1073,5,25,26,40,44,54,18,21/03/2018
1074,1,17,32,46,47,54,18,25/03/2018
1075,4,7,16,32,42,55,28,28/03/2018
1076,16,19,28,44,45,54,40,01/04/2018
1077,7,9,10,19,28,36,34,04/04/2018
1078,25,27,34,35,47,48,26,08/04/2018
1079,1,9,23,25,26,35,29,11/04/2018
1080,9,14,18,33,42,48,38,15/04/2018
1081,13,18,21,22,27,54,49,18/04/2018
1082,6,18,23,32,52,56,45,22/04/2018
1083,14,16,18,20,38,54,2,25/04/2018
1084,2,10,34,42,53,54,28,29/04/2018
1085,1,3,14,21,37,54,29,02/05/2018
1086,7,10,43,48,51,56,32,06/05/2018
1087,7,11,47,53,55,56,40,09/05/2018
1088,3,21,42,51,54,56,22,13/05/2018
1089,2,9,10,24,38,53,33,16/05/2018
1090,20,36,45,46,47,56,9,20/05/2018
1091,7,13,22,29,33,51,19,23/05/2018
1092,7,28,31,33,36,42,24,27/05/2018
1093,7,8,29,37,43,50,42,30/05/2018
1094,5,8,16,20,44,45,34,03/06/2018
1095,9,11,17,30,34,45,36,06/06/2018
1096,5,14,15,47,48,54,12,10/06/2018
1097,6,9,11,21,32,56,26,13/06/2018
1098,4,14,19,30,44,50,15,17/06/2018
1099,11,16,19,22,26,32,1,20/06/2018
1100,13,30,31,33,46,50,26,24/06/2018
1101,22,27,33,37,43,52,54,27/06/2018
1102,11,15,20,36,39,45,27,01/07/2018
1103,7,21,26,37,48,52,30,04/07/2018
1104,8,21,33,41,48,51,30,08/07/2018
1105,18,27,35,41,45,49,47,11/07/2018
1106,2,7,12,19,29,40,45,15/07/2018
1107,1,9,15,34,44,52,5,18/07/2018
1108,24,28,29,44,51,53,39,22/07/2018
1109,15,21,38,40,46,50,5,25/07/2018
1110,25,39,43,44,45,53,26,29/07/2018
1111,19,35,36,38,43,53,55,01/08/2018
1112,13,15,37,39,50,52,34,05/08/2018
1113,3,14,16,23,40,45,47,08/08/2018
1114,8,10,13,22,26,30,49,12/08/2018
1115,1,2,29,35,43,47,3,15/08/2018
1116,1,12,27,48,49,56,7,19/08/2018
1117,5,17,33,36,38,43,44,22/08/2018
1118,7,9,13,31,51,54,27,26/08/2018
1119,2,9,31,40,42,50,4,29/08/2018
1120,11,12,17,31,40,55,56,02/09/2018
1121,17,20,22,25,43,55,7,05/09/2018
1122,19,23,28,34,40,52,26,09/09/2018
1123,15,16,26,33,41,56,32,12/09/2018
1124,9,16,22,43,49,53,51,16/09/2018
1125,24,29,34,36,37,46,55,19/09/2018
1126,16,27,29,34,50,56,33,23/09/2018
1127,7,12,35,40,41,50,34,26/09/2018
1128,20,23,31,40,43,54,46,30/09/2018
1129,6,11,41,48,50,52,25,03/10/2018
1130,22,23,24,29,36,40,20,07/10/2018
1131,12,21,24,34,37,55,50,10/10/2018
1132,10,21,31,39,40,42,26,14/10/2018
1133,1,18,19,20,34,53,15,17/10/2018
1134,3,7,29,30,39,51,23,21/10/2018
1135,25,33,46,49,51,54,34,24/10/2018
1136,1,2,32,33,45,56,42,28/10/2018
1137,1,7,9,18,32,55,12,31/10/2018
1138,16,19,29,34,40,45,28,04/11/2018
1139,1,7,13,14,19,20,49,07/11/2018
1140,10,16,23,52,54,56,36,11/11/2018
1141,2,14,19,39,43,45,52,14/11/2018
1142,22,28,33,35,50,51,13,18/11/2018
1143,6,10,31,35,36,45,41,21/11/2018
1144,3,9,32,33,40,56,8,25/11/2018
1145,2,4,10,12,21,28,29,28/11/2018
1146,9,21,27,34,49,52,4,02/12/2018
1147,8,11,25,30,36,37,14,05/12/2018
1148,16,22,35,36,39,50,6,09/12/2018
1149,4,13,21,25,47,53,16,12/12/2018
1150,6,11,12,41,50,52,47,16/12/2018
1151,14,19,21,24,31,49,50,19/12/2018
1152,8,13,14,38,43,56,9,23/12/2018
1153,3,9,25,30,38,40,2,26/12/2018
1154,1,3,4,8,12,30,27,30/12/2018
1155,4,8,11,16,28,40,50,02/01/2019
1156,3,12,17,31,46,51,13,06/01/2019
1157,2,10,15,38,50,52,53,09/01/2019
1158,17,19,25,27,53,54,23,13/01/2019
1159,1,7,10,18,25,28,16,16/01/2019
1160,5,13,17,19,28,53,46,20/01/2019
1161,11,20,36,43,44,52,39,23/01/2019
1162,3,6,8,15,42,45,49,27/01/2019
1163,7,13,17,22,23,47,40,30/01/2019
1164,7,11,14,33,40,46,51,03/02/2019
1165,2,3,17,23,30,44,49,06/02/2019
1166,3,10,34,38,39,43,28,10/02/2019
1167,11,20,22,37,41,47,29,13/02/2019
1168,6,11,23,34,35,54,25,17/02/2019
1169,7,9,10,13,19,21,46,20/02/2019
1170,5,16,18,26,35,41,20,24/02/2019
1171,21,25,27,31,38,44,34,27/02/2019
1172,9,12,16,25,30,45,49,03/03/2019
1173,9,13,17,30,32,35,26,06/03/2019
1174,1,6,15,26,45,54,27,10/03/2019
1175,3,8,18,24,36,54,2,13/03/2019
1176,3,18,22,27,29,46,42,17/03/2019
1177,11,13,34,36,39,51,8,20/03/2019
1178,5,6,14,23,40,45,10,24/03/2019
1179,22,34,37,39,40,48,46,27/03/2019
1180,10,27,32,38,45,56,13,31/03/2019
1181,5,31,32,34,41,45,40,03/04/2019
1182,16,21,32,34,38,46,36,07/04/2019
1183,5,24,28,34,36,43,53,10/04/2019
1184,4,5,11,15,25,47,37,14/04/2019
1185,3,6,9,36,47,55,34,17/04/2019
1186,5,20,23,26,32,46,34,21/04/2019
1187,3,7,13,47,53,55,51,24/04/2019
1188,1,2,22,23,28,52,37,28/04/2019
1189,5,7,18,24,49,52,26,01/05/2019
1190,13,15,24,45,47,55,28,05/05/2019
1191,6,7,11,29,33,39,51,08/05/2019
1192,1,10,17,20,34,45,19,12/05/2019
1193,15,17,19,22,35,37,28,15/05/2019
1194,1,19,33,47,50,54,27,19/05/2019
1195,2,10,25,32,41,52,45,22/05/2019
1196,3,6,20,23,34,46,42,26/05/2019
1197,3,20,32,35,42,52,1,29/05/2019
1198,8,14,20,25,34,46,42,02/06/2019
1199,7,22,43,45,47,55,33,05/06/2019
1200,5,7,8,17,21,23,22,09/06/2019
1201,14,16,24,30,33,39,48,12/06/2019
1202,11,18,33,41,53,54,6,16/06/2019
1203,21,24,32,36,41,49,3,19/06/2019
1204,9,12,28,47,51,53,40,23/06/2019
1205,3,5,9,42,44,48,26,26/06/2019
1206,6,12,29,37,51,53,48,30/06/2019
1207,18,20,29,44,46,52,37,03/07/2019
1208,4,31,33,34,50,54,23,07/07/2019
1209,6,16,30,36,43,56,45,10/07/2019
1210,11,19,34,36,43,56,53,14/07/2019
1211,8,27,31,37,43,45,24,17/07/2019
1212,9,19,26,41,51,52,8,21/07/2019
1213,1,11,26,31,52,55,50,24/07/2019
1214,4,6,22,39,46,53,41,28/07/2019
1215,1,16,30,31,34,43,18,31/07/2019
1216,4,5,14,23,26,47,2,04/08/2019
1217,10,28,32,35,44,48,14,07/08/2019
1218,2,8,24,29,41,46,26,11/08/2019
1219,2,18,23,24,32,54,40,14/08/2019
1220,6,10,17,21,30,39,16,18/08/2019
1221,20,25,29,34,44,54,18,21/08/2019
1222,25,28,29,43,47,49,52,25/08/2019
1223,4,15,22,28,40,48,16,28/08/2019
1224,31,35,39,41,50,51,26,01/09/2019
1225,1,3,5,26,37,52,15,04/09/2019
1226,4,29,30,41,43,49,47,08/09/2019
1227,1,10,20,37,53,56,22,11/09/2019
1228,12,29,41,49,52,55,46,15/09/2019
1229,2,9,13,16,27,38,37,18/09/2019
1230,13,15,23,42,49,51,5,22/09/2019
1231,3,12,18,24,43,50,30,25/09/2019
1232,1,4,15,24,34,52,38,29/09/2019
1233,11,15,29,39,40,50,41,02/10/2019
1234,7,34,37,41,44,56,52,06/10/2019
1235,7,12,25,35,44,45,43,09/10/2019
1236,11,33,37,38,41,46,7,13/10/2019
1237,1,10,20,25,44,46,52,16/10/2019
1238,7,16,17,39,46,56,9,20/10/2019
1239,10,15,17,31,45,51,9,23/10/2019
1240,2,11,24,42,51,54,16,27/10/2019
1241,17,19,33,38,54,55,6,30/10/2019
1242,8,16,20,28,33,36,46,03/11/2019
1243,9,13,39,44,48,52,23,06/11/2019
1244,9,13,21,50,51,53,26,10/11/2019
1245,15,18,23,26,32,34,3,13/11/2019
1246,6,24,31,37,39,54,42,17/11/2019
1247,31,32,33,36,39,44,56,20/11/2019
1248,8,11,23,25,28,29,37,24/11/2019
1249,3,4,36,43,50,51,13,27/11/2019
1250,1,3,4,9,20,55,53,01/12/2019
1251,10,21,25,29,43,52,30,04/12/2019
1252,11,13,31,32,33,40,5,08/12/2019
1253,15,18,21,29,33,41,43,11/12/2019
1254,2,8,27,32,38,49,9,15/12/2019
1255,11,20,27,50,54,55,24,18/12/2019
1256,3,17,21,36,37,40,53,22/12/2019
1257,5,10,11,17,39,48,35,25/12/2019
1258,5,23,24,33,48,50,1,29/12/2019
1259,12,28,32,40,45,52,46,01/01/2020
1260,12,13,15,34,36,47,28,05/01/2020
1261,9,11,14,20,24,44,30,08/01/2020
1262,15,16,19,25,50,54,29,12/01/2020
1263,2,29,31,36,44,50,54,15/01/2020
1264,13,20,21,24,32,50,35,19/01/2020
1265,2,5,15,34,45,46,30,22/01/2020
1266,1,6,31,32,43,47,39,26/01/2020
1267,6,21,23,25,28,48,22,29/01/2020
1268,19,21,26,50,55,56,17,02/02/2020
1269,10,11,23,28,32,34,21,05/02/2020
1270,6,13,16,40,41,53,45,09/02/2020
1271,11,12,18,29,33,50,53,12/02/2020
1272,15,23,43,44,50,55,4,16/02/2020
1273,13,14,17,35,39,54,45,19/02/2020
1274,14,28,40,42,43,45,23,23/02/2020
1275,9,19,39,46,49,56,7,26/02/2020
1276,10,12,20,29,46,47,27,01/03/2020
1277,6,7,31,33,42,52,21,04/03/2020
1278,15,22,35,44,50,53,3,08/03/2020
1279,3,6,9,16,25,42,29,11/03/2020
1280,3,6,12,21,43,51,24,15/03/2020
1281,3,11,14,18,38,47,52,18/03/2020
1282,5,6,10,15,28,52,39,22/03/2020
1283,11,19,24,26,33,56,50,25/03/2020
1284,12,15,16,18,39,47,36,29/03/2020
1285,13,19,24,39,40,46,21,01/04/2020
1286,5,21,23,41,43,56,33,26/07/2020
1287,9,17,43,46,48,53,12,29/07/2020
1288,17,18,24,34,41,50,37,02/08/2020
1289,1,8,19,35,37,43,31,05/08/2020
1290,12,23,39,45,54,56,7,09/08/2020
1291,8,15,17,35,39,45,13,12/08/2020
1292,11,12,23,25,41,44,4,16/08/2020
1293,17,21,27,42,50,52,16,19/08/2020
1294,9,17,29,52,54,56,49,23/08/2020
1295,2,8,11,18,25,56,17,26/08/2020
1296,16,26,27,30,41,54,21,30/08/2020
1297,11,16,28,38,39,53,18,02/09/2020
1298,5,12,21,27,43,49,11,06/09/2020
1299,5,11,28,35,38,42,30,09/09/2020
1300,1,22,30,36,45,52,49,13/09/2020
1301,13,14,19,27,35,54,25,16/09/2020
1302,8,14,32,40,43,45,15,20/09/2020
1303,37,38,42,48,49,50,26,23/09/2020
1304,9,19,22,24,30,34,52,27/09/2020
1305,4,15,16,21,35,56,45,30/09/2020
1306,4,19,36,39,40,53,52,04/10/2020
1307,3,14,16,21,32,54,13,07/10/2020
1308,3,8,31,32,52,54,48,11/10/2020
1309,5,29,30,34,36,50,37,14/10/2020
1310,1,12,14,31,34,56,55,18/10/2020
1311,1,5,24,29,30,46,19,21/10/2020
1312,3,7,10,28,34,43,20,25/10/2020
1313,3,30,42,49,50,51,40,28/10/2020
1314,16,18,34,42,47,55,43,01/11/2020
1315,1,3,5,53,54,56,42,04/11/2020
1316,1,11,20,38,41,43,39,08/11/2020
1317,7,16,18,24,46,54,49,11/11/2020
1318,1,5,15,18,24,54,50,15/11/2020
1319,11,15,28,31,39,50,2,18/11/2020
1320,3,8,32,37,39,43,30,22/11/2020
1321,9,37,40,42,50,55,45,25/11/2020
1322,11,13,25,27,48,53,18,29/11/2020
1323,6,17,21,26,41,51,30,02/12/2020
1324,5,26,38,48,50,54,13,06/12/2020
1325,9,25,27,30,31,41,2,09/12/2020
1326,4,17,30,36,42,53,32,13/12/2020
1327,22,24,25,31,32,56,38,16/12/2020
1328,7,10,37,45,54,55,23,20/12/2020
1329,9,16,19,33,46,50,10,23/12/2020
1330,1,3,14,26,29,32,51,27/12/2020
1331,13,18,22,29,33,50,6,30/12/2020
1332,5,9,26,39,40,43,48,03/01/2021
1333,18,22,23,33,52,54,11,06/01/2021
1334,1,13,42,45,50,53,33,10/01/2021
1335,6,10,30,31,34,36,47,13/01/2021
1336,24,31,44,47,54,56,50,17/01/2021
1337,12,15,25,32,34,50,51,20/01/2021
1338,2,4,21,25,33,46,17,24/01/2021
1339,15,17,18,28,30,40,3,27/01/2021
1340,5,18,25,35,39,48,16,31/01/2021
1341,1,6,27,31,37,48,55,03/02/2021
1342,6,11,25,38,50,53,47,07/02/2021
1343,9,17,18,31,41,54,8,10/02/2021
1344,2,5,15,17,44,55,12,14/02/2021
1345,1,6,36,42,44,45,19,17/02/2021
1346,3,14,19,25,39,50,49,21/02/2021
1347,4,22,28,38,49,51,32,24/02/2021
1348,15,27,30,38,44,55,41,28/02/2021
1349,10,14,15,23,49,52,4,03/03/2021
1350,4,7,18,19,20,37,17,07/03/2021
1351,1,11,14,23,46,49,34,10/03/2021
1352,13,23,27,32,49,52,12,14/03/2021
1353,4,10,13,17,28,29,47,17/03/2021
1354,12,15,22,34,36,48,54,21/03/2021
1355,2,6,10,14,27,45,39,24/03/2021
1356,14,23,43,44,45,56,17,28/03/2021
1357,26,28,35,40,41,49,52,31/03/2021
1358,7,14,38,44,46,49,6,04/04/2021
1359,1,5,17,31,42,46,51,07/04/2021
1360,4,20,37,43,54,55,21,11/04/2021
1361,2,3,5,11,47,48,44,14/04/2021
1362,6,13,15,22,40,41,38,18/04/2021
1363,7,24,26,49,51,54,25,21/04/2021
1364,3,26,29,37,51,54,38,25/04/2021
1365,8,21,33,43,44,50,14,28/04/2021
1366,19,39,43,49,50,52,17,02/05/2021
1367,12,14,24,34,49,50,52,05/05/2021
1368,13,21,35,36,44,47,54,09/05/2021
1369,8,9,17,32,34,48,27,12/05/2021
1370,6,10,29,47,55,56,54,16/05/2021
1371,20,22,39,51,52,54,38,19/05/2021
1372,29,32,38,39,51,54,53,23/05/2021
1373,12,13,28,33,34,51,53,26/05/2021
1374,23,24,26,32,35,54,45,30/05/2021
1375,1,3,26,48,49,51,45,02/06/2021
1376,1,6,12,18,22,33,19,06/06/2021
1377,3,22,24,37,39,42,50,09/06/2021
1378,10,20,23,24,40,49,44,13/06/2021
1379,3,7,14,18,33,44,29,16/06/2021
1380,26,32,38,41,55,56,42,20/06/2021
1381,23,28,32,34,37,38,55,23/06/2021
1382,3,6,32,36,42,45,27,27/06/2021
1383,8,16,21,36,48,51,45,30/06/2021
1384,12,19,21,24,41,42,3,04/07/2021
1385,1,3,13,33,39,51,43,07/07/2021
1386,6,22,24,27,41,45,51,11/07/2021
1387,1,13,22,32,36,53,54,14/07/2021
1388,5,16,23,24,33,47,11,18/07/2021
1389,2,7,9,25,32,41,38,21/07/2021
1390,6,15,18,20,38,43,27,25/07/2021
1391,7,11,13,15,47,51,24,28/07/2021
1392,5,12,14,17,41,46,13,01/08/2021
1393,1,8,20,29,37,44,25,04/08/2021
1394,1,5,31,46,52,56,2,08/08/2021
1395,4,6,13,15,17,29,42,11/08/2021
1396,15,21,28,35,40,48,27,15/08/2021
1397,14,32,33,36,39,40,29,18/08/2021
1398,4,7,17,29,31,51,12,22/08/2021
1399,5,8,11,20,25,41,14,25/08/2021
1400,11,15,34,41,44,50,30,29/08/2021
1401,7,14,30,49,51,55,13,01/09/2021
1402,20,23,37,39,41,56,46,05/09/2021
1403,8,25,32,46,49,56,41,08/09/2021
1404,2,4,16,24,31,40,39,12/09/2021
1405,5,13,18,22,30,43,56,15/09/2021
1406,16,24,37,38,47,52,13,19/09/2021
1407,7,8,24,25,37,55,42,22/09/2021
1408,2,9,11,36,49,56,27,26/09/2021
1409,10,15,31,37,51,56,26,29/09/2021
1410,2,24,26,31,48,50,44,03/10/2021
1411,1,5,15,32,33,36,47,06/10/2021
1412,1,2,17,20,36,56,48,10/10/2021
1413,8,17,31,46,47,54,18,13/10/2021
1414,17,24,26,32,34,40,37,17/10/2021
1415,2,3,6,29,33,44,38,20/10/2021
1416,15,22,24,29,31,50,7,24/10/2021
1417,11,13,19,31,42,46,6,27/10/2021
1418,13,16,19,20,21,32,15,31/10/2021
1419,6,9,18,33,35,48,24,03/11/2021
1420,1,6,10,14,30,53,54,07/11/2021
1421,11,13,18,25,27,56,28,10/11/2021
1422,24,33,35,38,49,52,2,14/11/2021
1423,4,5,14,18,54,55,15,17/11/2021
1424,11,12,21,30,39,41,48,21/11/2021
1425,3,10,14,30,45,56,9,24/11/2021
1426,18,19,27,47,53,56,51,26/11/2021
1427,5,10,17,42,47,54,12,28/11/2021
1428,12,20,25,35,41,43,6,01/12/2021
1429,5,14,22,34,35,41,43,03/12/2021
1430,28,32,34,43,49,55,7,05/12/2021
1431,2,33,36,39,44,52,30,08/12/2021
1432,6,8,18,32,43,51,17,10/12/2021
1433,10,24,34,44,47,53,5,12/12/2021
1434,6,27,38,45,53,54,18,15/12/2021
1435,8,33,36,37,52,56,38,17/12/2021
1436,1,9,26,41,47,53,5,19/12/2021
1437,5,17,18,23,29,30,40,22/12/2021
1438,1,21,24,26,29,33,22,24/12/2021
1439,2,4,35,44,54,56,28,26/12/2021
1440,14,15,32,50,53,55,43,29/12/2021
1441,1,9,17,18,35,47,13,31/12/2021
1442,3,7,13,32,40,41,22,02/01/2022
1443,9,11,22,36,47,49,38,05/01/2022
1444,2,9,11,17,27,42,25,07/01/2022
1445,1,5,14,23,24,54,56,09/01/2022
1446,13,22,28,33,34,50,7,12/01/2022
1447,6,21,23,26,35,53,44,14/01/2022
1448,12,17,18,37,44,50,8,16/01/2022
1449,22,27,42,48,53,55,28,19/01/2022
1450,1,3,8,17,36,41,44,21/01/2022
1451,3,8,19,25,34,51,10,23/01/2022
1452,3,18,19,45,49,50,54,26/01/2022
1453,21,27,40,44,45,53,37,28/01/2022
1454,15,16,40,41,51,52,25,30/01/2022
1455,4,5,34,38,46,55,29,02/02/2022
1456,10,14,34,37,42,54,1,04/02/2022
1457,5,20,35,48,53,56,23,06/02/2022
1458,29,36,38,39,42,49,48,09/02/2022
1459,3,8,10,11,14,56,18,11/02/2022
1460,11,28,41,44,47,55,52,13/02/2022
1461,10,11,14,23,24,38,44,16/02/2022
1462,6,7,8,25,26,40,55,18/02/2022
1463,29,37,40,44,53,54,42,20/02/2022
1464,20,46,50,53,54,55,6,23/02/2022
1465,5,10,14,24,49,54,32,25/02/2022
1466,13,18,22,33,43,53,25,27/02/2022
1467,8,12,13,28,34,48,43,02/03/2022
1468,15,17,26,31,37,42,29,04/03/2022
1469,5,6,12,21,53,55,15,06/03/2022
1470,6,13,16,27,29,55,15,09/03/2022
1471,9,17,29,37,49,50,2,11/03/2022
1472,2,23,24,28,50,53,12,13/03/2022
1473,3,10,13,22,29,30,46,16/03/2022
1474,2,17,20,26,46,50,51,18/03/2022
1475,18,40,44,49,51,54,15,20/03/2022
1476,6,9,16,17,27,29,15,23/03/2022
1477,10,13,26,31,36,53,48,25/03/2022
1478,16,19,21,27,29,37,22,27/03/2022
1479,6,26,34,40,42,52,53,30/03/2022
1480,1,10,28,33,38,54,35,01/04/2022
1481,1,15,22,36,39,49,31,03/04/2022
1482,4,20,21,22,45,47,24,06/04/2022
1483,21,28,33,39,51,52,31,08/04/2022
1484,19,21,36,38,42,51,28,10/04/2022
1485,1,2,11,31,35,54,41,13/04/2022
1486,23,25,33,41,44,51,4,15/04/2022
1487,29,32,34,42,45,51,11,17/04/2022
1488,10,12,18,21,44,55,46,20/04/2022
1489,1,11,13,20,41,49,18,22/04/2022
1490,21,23,29,31,40,56,52,24/04/2022
1491,13,27,29,33,41,45,49,27/04/2022
1492,6,7,9,21,33,37,1,29/04/2022
1493,1,6,18,29,31,47,42,01/05/2022
1494,22,23,36,37,45,50,15,04/05/2022
1495,12,13,14,15,25,30,43,06/05/2022
1496,20,35,38,42,46,55,56,08/05/2022
1497,2,3,32,46,49,55,35,11/05/2022
1498,4,7,21,52,55,56,12,13/05/2022
1499,8,15,23,26,35,52,16,15/05/2022
1500,3,6,7,22,32,51,35,18/05/2022
1501,25,35,43,45,48,50,52,20/05/2022
1502,5,11,22,31,32,53,45,22/05/2022
1503,13,18,32,33,40,46,26,25/05/2022
1504,1,2,8,11,42,54,47,27/05/2022
1505,1,18,22,35,36,56,17,29/05/2022
1506,21,23,34,39,43,49,56,01/06/2022
1507,10,17,29,33,40,46,32,03/06/2022
1508,2,13,15,20,30,50,36,05/06/2022
1509,18,21,29,41,55,56,48,08/06/2022
1510,7,9,27,43,47,52,4,10/06/2022
1511,11,29,45,47,53,54,23,12/06/2022
1512,15,32,41,45,48,52,20,15/06/2022
1513,5,17,22,27,37,52,42,17/06/2022
1514,8,15,24,29,30,49,9,19/06/2022
1515,8,11,25,35,36,51,37,22/06/2022
1516,6,20,24,35,52,53,34,24/06/2022
1517,6,9,13,21,29,45,7,26/06/2022
1518,7,14,38,40,43,56,34,29/06/2022
1519,9,27,35,43,50,52,41,01/07/2022
1520,13,18,32,33,34,54,28,03/07/2022
1521,1,3,12,30,31,38,16,06/07/2022
1522,18,27,30,41,43,51,49,08/07/2022
1523,19,29,36,42,44,52,45,10/07/2022
1524,4,21,28,39,49,52,2,13/07/2022
1525,5,8,13,15,24,47,48,15/07/2022
1526,1,13,17,24,34,53,39,17/07/2022
1527,15,20,23,44,51,52,6,20/07/2022
1528,13,15,30,37,40,45,31,22/07/2022
1529,2,3,26,49,50,52,29,24/07/2022
1530,5,17,19,46,48,50,55,27/07/2022
1531,1,3,11,28,41,49,53,29/07/2022
1532,13,20,39,43,54,56,42,31/07/2022
1533,1,8,9,16,22,44,38,03/08/2022
1534,10,14,18,26,27,55,39,05/08/2022
1535,4,12,13,20,45,54,43,07/08/2022
1536,3,38,40,46,49,52,45,10/08/2022
1537,4,15,27,28,32,34,5,12/08/2022
1538,17,24,27,33,35,55,19,14/08/2022
1539,27,31,33,39,48,54,24,17/08/2022
1540,23,25,28,33,35,53,4,19/08/2022
1541,1,8,19,26,32,56,17,21/08/2022
1542,4,16,24,25,28,54,33,24/08/2022
1543,8,14,15,36,45,49,6,26/08/2022
1544,9,12,18,34,40,54,25,28/08/2022
1545,21,25,27,32,33,41,42,31/08/2022
1546,5,12,21,30,36,52,43,02/09/2022
1547,5,8,21,24,30,47,34,04/09/2022
1548,23,25,33,41,44,56,11,07/09/2022
1549,3,7,13,18,20,23,49,09/09/2022
1550,15,24,39,42,45,56,31,11/09/2022
1551,4,18,20,24,33,55,46,14/09/2022
1552,7,16,21,31,45,46,1,16/09/2022
1553,4,12,18,23,38,41,16,18/09/2022
1554,1,14,26,40,45,55,10,21/09/2022
1555,11,22,24,26,47,48,8,23/09/2022
1556,1,21,23,29,48,50,30,25/09/2022
1557,3,18,33,38,48,49,45,28/09/2022
1558,2,6,20,42,43,50,38,30/09/2022
1559,1,16,18,36,44,51,31,02/10/2022
1560,1,8,12,14,18,38,56,05/10/2022
1561,6,36,37,40,45,49,39,07/10/2022
1562,7,10,20,21,25,31,3,09/10/2022
1563,14,35,39,43,44,46,48,12/10/2022
1564,29,30,37,41,45,56,12,14/10/2022
1565,9,25,30,33,36,50,16,16/10/2022
1566,2,7,11,15,43,49,40,19/10/2022
1567,10,12,17,20,48,53,9,21/10/2022
1568,12,14,19,35,45,49,43,23/10/2022
1569,6,35,44,48,52,54,55,26/10/2022
1570,2,8,12,20,45,54,33,28/10/2022
1571,5,23,29,42,46,52,24,30/10/2022
1572,4,23,24,25,36,53,51,02/11/2022
1573,14,31,32,36,48,50,20,04/11/2022
1574,7,11,19,29,39,47,35,06/11/2022
1575,5,13,30,42,49,50,38,09/11/2022
1576,18,19,26,31,45,51,32,11/11/2022
1577,2,35,37,42,44,49,23,13/11/2022
1578,3,10,16,20,50,53,31,16/11/2022
1579,3,5,22,23,37,53,10,18/11/2022
1580,3,4,22,40,46,55,11,20/11/2022
1581,15,16,21,26,43,50,2,23/11/2022
1582,12,24,34,41,47,49,26,25/11/2022
1583,21,22,35,38,40,53,16,27/11/2022
1584,7,10,14,19,35,39,43,30/11/2022
1585,3,4,19,32,36,56,28,02/12/2022
1586,15,17,24,30,39,52,18,04/12/2022
1587,11,15,33,46,48,52,18,07/12/2022
1588,3,7,46,47,54,55,30,09/12/2022
1589,6,16,19,38,48,51,25,11/12/2022
1590,1,18,33,34,40,45,12,14/12/2022
1591,5,9,18,29,32,56,27,16/12/2022
1592,5,10,16,35,37,50,25,18/12/2022
1593,4,10,24,27,41,55,38,21/12/2022
1594,3,5,46,49,50,55,14,23/12/2022
1595,6,14,26,41,43,52,5,25/12/2022
1596,9,15,17,27,29,36,50,28/12/2022
1597,8,14,17,25,27,38,18,30/12/2022
1598,12,20,30,41,49,53,18,01/01/2023
1599,10,11,18,29,37,40,45,04/01/2023
1600,7,10,13,27,50,54,20,06/01/2023
1601,18,19,24,28,33,47,16,08/01/2023
1602,1,38,40,42,50,56,4,11/01/2023
1603,10,20,25,46,52,56,33,13/01/2023
1604,1,6,15,24,30,55,46,15/01/2023
1605,1,17,18,27,49,53,25,18/01/2023
1606,1,8,11,19,22,27,42,20/01/2023
1607,1,3,18,19,50,56,52,22/01/2023
1608,12,14,36,38,45,48,29,25/01/2023
1609,2,15,19,36,42,43,13,27/01/2023
1610,2,19,30,38,42,48,20,29/01/2023
1611,2,11,15,32,37,44,55,01/02/2023
1612,4,25,26,47,53,56,37,03/02/2023
1613,7,10,28,32,40,51,50,05/02/2023
1614,4,6,21,29,51,52,27,08/02/2023
1615,8,12,22,26,34,55,30,10/02/2023
1616,1,5,9,19,39,44,33,12/02/2023
1617,6,13,15,19,55,56,40,15/02/2023
1618,16,27,31,33,39,43,8,17/02/2023
1619,2,8,12,24,29,41,33,19/02/2023
1620,2,20,21,35,39,48,1,22/02/2023
1621,2,4,22,24,39,55,41,24/02/2023
1622,15,28,50,51,55,56,3,26/02/2023
1623,7,14,38,41,46,54,31,01/03/2023
1624,1,18,30,44,45,54,11,03/03/2023
1625,1,11,12,29,36,51,3,05/03/2023
1626,2,5,19,31,47,54,30,08/03/2023
1627,21,27,29,35,38,46,2,10/03/2023
1628,7,8,24,26,27,28,10,12/03/2023
1629,1,8,24,26,35,50,17,15/03/2023
1630,7,17,19,34,46,53,12,17/03/2023
1631,2,7,12,28,52,54,53,19/03/2023
1632,4,10,15,32,35,45,2,22/03/2023
1633,9,38,44,52,54,55,48,24/03/2023
1634,15,17,19,23,25,42,1,26/03/2023
1635,14,18,32,48,50,54,1,29/03/2023
1636,3,9,18,32,47,54,52,31/03/2023
1637,1,19,32,39,40,41,3,02/04/2023
1638,22,26,31,39,44,52,24,05/04/2023
1639,1,10,26,30,39,42,35,07/04/2023
1640,18,19,38,48,53,56,17,09/04/2023
1641,8,10,14,17,27,41,36,12/04/2023
1642,7,8,31,44,47,54,12,14/04/2023
1643,5,12,27,29,44,53,49,16/04/2023
1644,2,14,19,29,30,38,7,19/04/2023
1645,2,35,46,47,51,53,49,21/04/2023
1646,12,16,19,21,35,39,32,23/04/2023
1647,8,11,15,24,35,55,5,26/04/2023
1648,30,31,38,42,45,54,27,28/04/2023
1649,4,29,40,47,51,52,7,30/04/2023
1650,10,15,26,44,53,55,14,03/05/2023
1651,5,6,9,27,32,40,47,05/05/2023
1652,3,15,27,50,54,56,10,07/05/2023
1653,8,17,19,22,36,39,41,10/05/2023
1654,1,15,17,23,30,38,53,12/05/2023
1655,8,18,19,37,43,48,42,14/05/2023
1656,4,6,8,30,34,38,12,17/05/2023
1657,12,32,44,45,47,56,50,19/05/2023
1658,1,8,23,29,45,50,6,21/05/2023
1659,4,16,17,18,29,33,22,24/05/2023
1660,6,44,48,49,51,53,31,26/05/2023
1661,3,4,33,37,40,44,6,28/05/2023
1662,7,24,25,40,44,54,2,31/05/2023
1663,8,29,36,48,53,56,40,02/06/2023
1664,8,18,24,33,39,40,2,04/06/2023
1665,6,10,13,36,39,43,42,07/06/2023
1666,7,13,14,28,31,43,38,09/06/2023
1667,6,14,21,24,35,41,33,11/06/2023
1668,19,29,33,35,36,42,52,14/06/2023
1669,1,2,8,22,25,37,39,16/06/2023
1670,14,15,27,37,40,44,36,18/06/2023
1671,12,18,19,30,33,49,43,21/06/2023
1672,1,2,15,27,40,45,22,23/06/2023
1673,10,11,13,24,34,49,6,25/06/2023
1674,4,20,30,35,51,54,38,28/06/2023
1675,8,22,27,39,52,53,49,30/06/2023
1676,5,6,14,32,43,56,24,02/07/2023
1677,1,19,24,26,28,42,30,05/07/2023
1678,3,9,13,36,48,50,1,07/07/2023
1679,7,18,31,34,36,49,43,09/07/2023
1680,33,37,42,44,47,54,17,12/07/2023
1681,5,6,22,28,41,49,32,14/07/2023
1682,6,24,32,42,47,54,11,16/07/2023
1683,6,26,30,36,49,51,50,19/07/2023
1684,13,17,26,39,40,44,10,21/07/2023
1685,1,5,7,17,37,50,40,23/07/2023
1686,3,20,31,42,48,50,26,26/07/2023
1687,3,14,42,45,54,56,39,28/07/2023
1688,8,14,25,29,37,52,54,30/07/2023
1689,3,11,12,14,54,56,13,02/08/2023
1690,31,35,36,42,45,52,6,04/08/2023
1691,7,26,28,36,38,54,41,06/08/2023
1692,5,8,17,19,48,56,27,09/08/2023
1693,10,26,36,41,45,56,47,11/08/2023
1694,2,6,15,23,29,51,28,13/08/2023
1695,13,23,28,29,30,36,31,16/08/2023
1696,5,9,28,29,37,49,10,18/08/2023
1697,9,14,15,17,20,50,10,20/08/2023
1698,20,31,36,39,42,51,56,23/08/2023
1699,3,5,10,14,16,17,52,25/08/2023
1700,17,20,23,36,45,46,19,27/08/2023
1701,5,6,16,18,35,39,51,30/08/2023
1702,12,16,24,27,35,52,6,01/09/2023
1703,13,25,31,42,50,54,40,03/09/2023
1704,7,10,15,28,47,54,17,06/09/2023
1705,25,27,36,39,43,46,12,08/09/2023
1706,2,32,33,37,39,55,25,10/09/2023
1707,9,10,11,26,44,54,36,13/09/2023
1708,7,20,21,40,48,54,31,15/09/2023
1709,5,28,30,37,50,56,44,17/09/2023
1710,1,29,38,45,50,52,31,20/09/2023
1711,3,17,18,19,40,49,26,22/09/2023
1712,1,19,38,41,51,55,49,24/09/2023
1713,23,28,38,42,44,47,50,27/09/2023
1714,7,12,20,28,46,47,13,29/09/2023
1715,5,8,16,29,36,56,46,01/10/2023
1716,2,4,24,31,34,56,35,04/10/2023
1717,16,19,23,26,40,47,14,06/10/2023
1718,10,35,36,37,41,42,39,08/10/2023
1719,1,3,28,29,40,53,24,11/10/2023
1720,8,12,29,30,48,51,10,13/10/2023
1721,6,7,27,43,52,53,35,15/10/2023
1722,1,15,20,25,52,56,49,18/10/2023
1723,2,7,31,42,44,49,19,20/10/2023
1724,12,17,18,22,41,53,45,22/10/2023
1725,1,13,28,34,43,49,14,25/10/2023
1726,4,7,24,27,31,42,15,27/10/2023
1727,7,13,18,34,40,50,46,29/10/2023
1728,3,4,15,24,42,56,17,01/11/2023
1729,20,21,33,35,39,50,28,03/11/2023
1730,2,6,8,29,38,50,1,05/11/2023
1731,9,11,20,30,36,55,10,08/11/2023
1732,8,12,24,31,42,48,37,10/11/2023
1733,15,16,17,25,36,52,37,12/11/2023
1734,4,8,31,46,50,54,21,15/11/2023
1735,10,19,21,33,40,48,13,17/11/2023
1736,13,23,24,28,34,43,1,19/11/2023
1737,35,36,39,41,45,47,52,22/11/2023
1738,1,15,31,35,38,53,44,24/11/2023
1739,9,24,44,47,49,54,2,26/11/2023
1740,1,5,10,12,18,41,34,29/11/2023
1741,1,4,5,31,51,53,29,01/12/2023
1742,6,15,16,24,28,43,26,03/12/2023
1743,10,18,19,23,43,53,27,06/12/2023
1744,7,10,35,40,43,55,49,08/12/2023
1745,2,27,31,42,43,44,4,10/12/2023
1746,5,6,9,25,50,55,43,13/12/2023
1747,8,18,20,21,23,48,40,15/12/2023
1748,14,27,36,46,50,54,3,17/12/2023
1749,18,22,28,32,41,44,51,20/12/2023
1750,7,26,29,36,39,41,11,22/12/2023
1751,5,29,32,38,48,54,47,24/12/2023
1752,18,23,35,38,42,55,1,27/12/2023
1753,18,21,25,28,36,41,22,29/12/2023
1754,1,16,17,19,28,41,21,31/12/2023
1755,3,6,18,27,29,52,44,03/01/2024
1756,1,5,11,32,39,43,20,05/01/2024
1757,4,19,23,25,26,28,14,07/01/2024
1758,12,15,38,50,51,53,18,10/01/2024
1759,5,16,25,27,39,44,22,12/01/2024
1760,3,5,25,27,36,38,18,14/01/2024
1761,7,13,16,18,23,32,34,17/01/2024
1762,3,19,29,30,35,39,26,19/01/2024
1763,5,9,29,33,50,52,44,21/01/2024
1764,6,7,18,27,31,43,52,24/01/2024
1765,30,31,41,43,49,50,17,26/01/2024
1766,13,28,32,34,39,48,15,28/01/2024
1767,4,7,10,11,21,46,39,31/01/2024
1768,2,4,13,26,31,54,10,02/02/2024
1769,1,12,15,16,28,55,38,04/02/2024
1770,11,22,29,31,43,48,14,07/02/2024
1771,2,3,12,15,37,52,34,09/02/2024
1772,2,6,30,39,41,49,10,11/02/2024
1773,10,15,21,29,30,44,40,14/02/2024
1774,1,20,30,34,39,49,27,16/02/2024
1775,9,24,29,34,43,46,38,18/02/2024
1776,15,21,26,31,43,46,7,21/02/2024
1777,1,9,14,16,24,55,47,23/02/2024
1778,1,3,4,40,52,56,5,25/02/2024
1779,2,14,26,34,47,51,22,28/02/2024
1780,25,31,35,36,40,42,5,01/03/2024
1781,4,16,20,24,39,43,48,03/03/2024
1782,12,35,36,39,47,50,4,06/03/2024
1783,12,14,22,32,36,51,33,08/03/2024
1784,9,11,20,24,29,54,42,10/03/2024
1785,1,5,7,20,28,55,56,13/03/2024
1786,9,17,20,30,33,50,44,15/03/2024
1787,2,24,34,39,40,50,44,17/03/2024
1788,5,8,31,45,52,56,48,20/03/2024
1789,17,19,22,29,40,48,7,22/03/2024
1790,1,33,49,51,53,54,11,24/03/2024
1791,4,6,8,19,25,51,1,27/03/2024
1792,20,34,39,44,48,53,23,29/03/2024
1793,14,16,18,33,35,42,8,31/03/2024
1794,7,12,24,36,46,53,23,03/04/2024
1795,9,21,34,49,51,56,17,05/04/2024
1796,16,18,24,44,51,56,3,07/04/2024
1797,8,9,30,33,37,48,28,10/04/2024
1798,14,16,37,44,53,55,31,12/04/2024
1799,1,12,18,38,41,47,28,14/04/2024
1800,21,25,32,43,52,53,6,17/04/2024
1801,2,11,19,23,33,48,1,19/04/2024
1802,2,15,24,42,43,44,40,21/04/2024
1803,5,22,24,29,51,54,12,24/04/2024
1804,4,12,20,21,39,41,52,26/04/2024
1805,4,12,32,42,46,53,16,28/04/2024
1806,4,14,18,29,32,53,26,01/05/2024
1807,1,11,13,45,47,53,38,03/05/2024
1808,11,19,21,37,38,51,55,05/05/2024
1809,3,9,13,18,19,44,35,08/05/2024
1810,1,12,16,18,26,46,8,10/05/2024
1811,2,8,10,28,41,42,22,12/05/2024
1812,3,30,31,37,44,45,42,15/05/2024
1813,6,29,30,41,46,52,24,17/05/2024
1814,3,24,40,44,53,55,28,19/05/2024
1815,6,20,25,26,32,35,51,22/05/2024
1816,20,32,35,36,45,53,22,24/05/2024
1817,4,11,16,19,22,54,36,26/05/2024
1818,4,7,15,29,31,33,12,29/05/2024
1819,9,14,33,42,43,53,41,31/05/2024
1820,23,25,33,35,49,56,19,02/06/2024
1821,1,3,22,41,45,55,11,05/06/2024
1822,1,3,11,22,24,30,54,07/06/2024
1823,3,6,29,42,43,49,27,09/06/2024
1824,7,24,32,36,43,49,39,12/06/2024
1825,6,13,27,30,50,55,20,14/06/2024
1826,1,7,15,18,50,51,8,16/06/2024
1827,1,6,36,39,41,45,3,19/06/2024
1828,1,10,20,24,39,54,36,21/06/2024
1829,3,4,27,31,33,34,52,23/06/2024
1830,13,24,27,28,32,55,52,26/06/2024
1831,13,21,32,36,37,56,4,28/06/2024
1832,4,8,17,33,35,47,23,30/06/2024
1833,11,36,39,41,53,54,16,03/07/2024
1834,1,18,24,25,38,50,22,05/07/2024
1835,6,12,14,28,38,53,56,07/07/2024
1836,3,4,5,10,39,52,53,10/07/2024
1837,10,18,31,44,45,49,33,12/07/2024
1838,2,3,10,17,23,39,4,14/07/2024
1839,6,7,11,21,22,30,12,17/07/2024
1840,5,22,26,50,51,53,34,19/07/2024
1841,15,18,21,40,42,51,46,21/07/2024
1842,4,6,32,35,40,41,56,24/07/2024
1843,4,10,21,25,26,41,44,26/07/2024
1844,25,29,40,41,47,50,16,28/07/2024
1845,19,25,36,41,45,47,17,31/07/2024
1846,4,11,12,29,30,49,46,02/08/2024
1847,6,11,14,25,33,44,45,04/08/2024
1848,4,5,16,22,27,39,54,07/08/2024
1849,7,9,16,25,53,54,33,09/08/2024
1850,8,14,34,40,44,53,18,11/08/2024
1851,1,3,4,12,30,41,16,14/08/2024
1852,2,28,30,31,40,51,44,16/08/2024
1853,2,14,16,25,32,40,46,18/08/2024
1854,18,22,29,35,39,51,31,21/08/2024
1855,1,23,25,32,36,44,3,23/08/2024
1856,11,13,22,29,34,46,16,25/08/2024
1857,12,20,24,44,50,56,21,28/08/2024
1858,8,32,42,45,48,50,7,30/08/2024
1859,4,14,15,30,31,56,23,01/09/2024
1860,15,35,50,51,52,54,28,04/09/2024
1861,6,15,16,22,39,56,9,06/09/2024
1862,10,17,18,32,35,42,27,08/09/2024
1863,2,6,9,36,51,56,54,11/09/2024
1864,16,19,21,28,49,50,31,13/09/2024
1865,14,24,40,43,45,52,26,15/09/2024
1866,2,13,21,34,36,45,41,18/09/2024
1867,6,21,30,50,51,53,12,20/09/2024
1868,11,34,36,41,47,55,25,22/09/2024
1869,9,11,20,22,29,52,43,25/09/2024
1870,11,20,21,44,45,48,30,27/09/2024
1871,3,9,10,12,18,55,7,29/09/2024
1872,1,3,16,27,28,46,30,02/10/2024
1873,11,26,32,37,42,53,39,04/10/2024
1874,7,20,24,40,41,43,15,06/10/2024
1875,22,23,28,32,37,55,27,09/10/2024
1876,11,19,25,36,48,55,28,11/10/2024
1877,5,8,16,21,30,48,32,13/10/2024
1878,3,4,18,20,22,49,52,16/10/2024
1879,12,28,29,40,41,54,35,18/10/2024
1880,1,2,13,28,45,51,52,20/10/2024
1881,1,2,8,24,31,47,52,23/10/2024
1882,5,8,34,36,43,50,52,25/10/2024
1883,2,15,17,27,31,47,20,27/10/2024
